-3.212182231851016395e-02,-6.759437874099105681e-01,-2.810353362720253489e+00,-7.288778009734118157e-01,9.143959202699731836e-01,4.378802695198577011e-01,0.000000000000000000e+00,-1.063331340534042546e+00,-2.677962963101757632e-01,7.848889085864240583e-03,-7.356728302503324768e-01,0.000000000000000000e+00
-1.117836750717714933e+00,-1.993547855848137207e+00,-1.410662648627810434e+00,-1.722802075028064372e+00,-1.463853558459106363e+00,-1.647263871050894002e+00,0.000000000000000000e+00,-1.470540661481812394e+00,-1.410222155396703592e+00,-5.387701722508690949e-01,-5.448863078825080253e-01,0.000000000000000000e+00
-1.141676645023130154e+00,-1.513385435848044747e+00,-2.102817397354842743e+00,-1.722802075028064372e+00,-2.337245177371686522e-01,-6.046918007655180949e-01,0.000000000000000000e+00,-1.687893546617916796e+00,-1.382447095878371890e+00,1.865512745228721514e-01,-4.494930466985966322e-01,0.000000000000000000e+00
-3.695716810673215780e-01,-8.430565827260411149e-01,-1.456806298542945743e+00,-1.722802075028064372e+00,5.863615094107897940e-01,4.378802695198577011e-01,0.000000000000000000e+00,-1.320900120940602607e+00,-6.746538418816345750e-01,1.339917493943409144e-01,-7.929087869606805672e-01,0.000000000000000000e+00
-1.806271375950025071e+00,-2.569367225476750782e+00,-2.072054964078085870e+00,-1.722802075028064372e+00,4.223443039811980992e-01,-1.647263871050894002e+00,0.000000000000000000e+00,-2.053016465538471280e+00,-2.138846704032189461e+00,-7.490082727649974847e-01,-7.547514824871156547e-01,0.000000000000000000e+00
-1.130141212294706543e+00,-1.708871939232835979e+00,-1.749049414672137370e+00,2.650464730812406300e-01,1.488456139273544032e+00,-6.046918007655180949e-01,0.000000000000000000e+00,-1.754483587158758517e+00,-1.343138325204126904e+00,1.550155594457534036e-01,-6.021222645928561157e-01,0.000000000000000000e+00
-3.142016039708925290e-01,-8.767503610575702044e-01,-1.949005230971057046e+00,-7.288778009734118157e-01,-3.977417231667603192e-01,1.480452339805233608e+00,0.000000000000000000e+00,-1.253374827021378701e+00,-4.393896724869686410e-01,3.938460416298299183e-02,8.470921593131340577e-02,0.000000000000000000e+00
-1.515424665424043082e+00,-1.646074247110295374e+00,-1.426043865266188870e+00,-7.288778009734118157e-01,-1.463853558459106363e+00,-6.046918007655180949e-01,0.000000000000000000e+00,-2.198915992566151445e+00,-2.038220958743331757e+00,-4.231392169680986970e-01,-4.494930466985966322e-01,0.000000000000000000e+00
-5.676735124567795499e-01,-1.270122615200594884e+00,-1.579856031649973236e+00,-7.288778009734118157e-01,-2.337245177371686522e-01,4.378802695198577011e-01,0.000000000000000000e+00,-1.417792370941035163e+00,-1.113523320457262544e+00,3.021822298056425771e-01,6.563056369453179606e-02,0.000000000000000000e+00
-4.730829640837086458e-01,-9.788748470840963334e-01,-3.955023504948297353e-01,-7.288778009734118157e-01,-1.517159150223728048e-01,2.523024410090609404e+00,0.000000000000000000e+00,-1.331187908102808404e+00,-6.926605541964827584e-01,4.598608051912396744e-01,7.524620442186996661e-01,0.000000000000000000e+00
-1.437906557489036397e+00,-1.538421060614510782e+00,-1.672143331480245187e+00,-7.288778009734118157e-01,-5.617589285963520140e-01,4.378802695198577011e-01,0.000000000000000000e+00,-1.794138330402177850e+00,-1.618652792714333266e+00,3.126941348313488356e-01,1.229428350138261683e+00,0.000000000000000000e+00
-4.477050120811796319e-01,-8.094671194977098860e-01,-1.964386447609435482e+00,-1.722802075028064372e+00,3.403357012664022241e-01,-6.046918007655180949e-01,0.000000000000000000e+00,-1.344655556751517267e+00,-9.213340315020446258e-01,3.442298499084692764e-01,6.563056369453179606e-02,0.000000000000000000e+00
-5.656740374505234703e-01,-1.063683025980484587e+00,-6.108393834321292903e-01,-7.288778009734118157e-01,-6.970731230757695740e-02,-6.046918007655180949e-01,0.000000000000000000e+00,-1.382252742562496417e+00,-6.446426546902187527e-01,-4.471063604266867914e-02,1.000484523296872208e+00,0.000000000000000000e+00
-1.203045147138342319e+00,-1.040838018381088359e+00,-1.472187515181324180e+00,-7.288778009734118157e-01,-3.157331204519644996e-01,-1.647263871050894002e+00,0.000000000000000000e+00,-1.508511948644142509e+00,-1.400218426332896060e+00,-1.708534963511453564e-01,1.153113741191131858e+00,0.000000000000000000e+00
-2.749811326942506740e-01,-8.217763016745499582e-01,-2.318154430292140855e+00,-7.288778009734118157e-01,6.683701121255856137e-01,4.378802695198577011e-01,0.000000000000000000e+00,-8.424244925600794520e-01,-5.424869273092415289e-01,-3.419873101696243450e-02,1.000484523296872208e+00,0.000000000000000000e+00
-8.594430576010386735e-01,-1.458724321774606647e+00,-7.338891165391566718e-01,-7.288778009734118157e-01,1.230129040721887786e-02,-6.046918007655180949e-01,0.000000000000000000e+00,-1.089331384453077645e+00,-8.502487096839478342e-01,7.121465258081930427e-01,1.458372176979652490e+00,0.000000000000000000e+00
-1.034320217763932792e+00,-1.478231246071808336e+00,-1.456806298542945743e+00,-7.288778009734118157e-01,9.430989312201472352e-02,-1.647263871050894002e+00,0.000000000000000000e+00,-1.222511465534756203e+00,-1.501432626272570792e+00,6.700989057053680087e-01,1.801787917241736592e+00,0.000000000000000000e+00
-4.129172230873612293e-03,-3.749947146964102140e-01,-1.702905764757002061e+00,-7.288778009734118157e-01,4.223443039811980992e-01,-6.046918007655180949e-01,0.000000000000000000e+00,-5.773736851264607006e-01,-2.031839756510140094e-01,9.118727212966151185e-01,1.362978915795739487e+00,0.000000000000000000e+00
-1.102456173746488410e+00,-1.507439474966011828e+00,-7.954139830926704180e-01,-1.722802075028064372e+00,5.863615094107897940e-01,-6.046918007655180949e-01,0.000000000000000000e+00,-1.187720039858924048e+00,-1.134707687886497229e+00,9.194412929151424274e-02,7.333833919819181535e-01,0.000000000000000000e+00
-6.605721973630200861e-01,-4.375837766125607042e-01,-1.256850482244026290e+00,-7.288778009734118157e-01,-6.437675313111478337e-01,-6.046918007655180949e-01,0.000000000000000000e+00,-1.147317093912797903e+00,-8.349488887628384592e-01,4.283250901141208988e-01,8.669339576393944036e-01,0.000000000000000000e+00
-3.292745694027008341e-01,-7.062994824392450077e-01,-5.646957335169939807e-01,-1.722802075028064372e+00,7.503787148403814333e-01,-6.046918007655180949e-01,0.000000000000000000e+00,-7.595610432353867569e-01,-3.365277995250266496e-01,9.854560564765605379e-01,8.860126098761776925e-01,0.000000000000000000e+00
-1.453133328690553894e+00,-1.578060799828072680e+00,-2.878338340261807349e-01,-7.288778009734118157e-01,3.403357012664022241e-01,-6.046918007655180949e-01,0.000000000000000000e+00,-1.502152225671141483e+00,-1.676203657563750227e+00,-3.180201667110345021e-01,5.044395651405287895e-01,0.000000000000000000e+00
-6.891800705295081375e-01,-6.235776056067284800e-01,-1.672143331480245187e+00,-7.288778009734118157e-01,9.143959202699731836e-01,-6.046918007655180949e-01,0.000000000000000000e+00,-9.606405195876355219e-01,-5.835610619359224982e-01,9.223846263223213215e-01,8.470921593131340577e-02,0.000000000000000000e+00
-1.102917591055623259e+00,-1.599758341292338182e+00,4.966082145311220830e-01,-7.288778009734118157e-01,1.078413125699564823e+00,-1.647263871050894002e+00,0.000000000000000000e+00,-1.003662174993233291e+00,-7.366769620772195548e-01,4.808846152426521914e-01,4.655191145774852796e-02,0.000000000000000000e+00
-1.424679261293782417e+00,-1.691347001896307933e+00,-6.262206000705077269e-01,-1.722802075028064372e+00,5.863615094107897940e-01,-6.046918007655180949e-01,0.000000000000000000e+00,-1.369159195265138740e+00,-1.591583878776980265e+00,1.836079411157048868e-02,8.470921593131340577e-02,0.000000000000000000e+00
-6.215055318560874786e-01,-7.382199040164847403e-01,-8.723200662845640441e-01,-1.722802075028064372e+00,2.583270985516064044e-01,-6.046918007655180949e-01,0.000000000000000000e+00,-9.552160499930169024e-01,-5.722627326403334491e-01,6.070274755511287923e-01,8.394606984183641471e-03,0.000000000000000000e+00
-8.403711421567109374e-01,-1.154437165758905648e+00,8.042325472986906476e-01,-7.288778009734118157e-01,-2.337245177371686522e-01,-6.046918007655180949e-01,0.000000000000000000e+00,-8.542086851276989856e-01,-6.355804530677137132e-01,2.811584197542300601e-01,-1.251559586732942930e-01,0.000000000000000000e+00
-1.300096587826804040e+00,-1.410635059202359987e+00,-5.031708669634802344e-01,2.650464730812406300e-01,1.763184958368105570e-01,4.378802695198577011e-01,0.000000000000000000e+00,-1.219144553372577766e+00,-1.492252733719903635e+00,-1.498296862997328394e-01,-2.976269748938124154e-02,0.000000000000000000e+00
-3.887974022813659447e-01,-4.700257737057668139e-01,-1.687524548118623624e+00,-7.288778009734118157e-01,1.230129040721887786e-02,-6.046918007655180949e-01,0.000000000000000000e+00,-9.649426851281962536e-01,-3.528868388176004678e-01,7.962417660138446651e-01,4.281249561933973546e-01,0.000000000000000000e+00
-1.716141194898608502e+00,-1.270539875613369230e+00,-9.030824995613209172e-01,-7.288778009734118157e-01,1.763184958368105570e-01,-6.046918007655180949e-01,0.000000000000000000e+00,-1.710526678374778342e+00,-1.585817023199016740e+00,1.760393694971659206e-01,-8.692233959078103922e-01,0.000000000000000000e+00
-5.782861105669334645e-01,-9.784575866713219883e-01,-7.492703331775351083e-01,-1.722802075028064372e+00,9.430989312201472352e-02,-6.046918007655180949e-01,0.000000000000000000e+00,-6.591148303970955080e-01,-6.730061688593603764e-01,5.334441403711833729e-01,8.478553054026127800e-01,0.000000000000000000e+00
-7.523942418812670230e-01,-1.072862755061519957e+00,-1.733668198033758934e+00,-1.722802075028064372e+00,9.143959202699731836e-01,-6.046918007655180949e-01,0.000000000000000000e+00,-9.396908439118679679e-01,-5.660251133417291136e-01,5.439560453968913523e-01,7.906193486922645786e-01,0.000000000000000000e+00
-1.707681877564434458e+00,-1.854078562878310743e+00,-7.800327664542919814e-01,-1.722802075028064372e+00,-9.718019421703312233e-01,-6.046918007655180949e-01,0.000000000000000000e+00,-1.444540617562777296e+00,-1.470126838849366457e+00,4.493489001655334159e-01,-1.823919153836407736e-01,0.000000000000000000e+00
-7.963826920189889247e-01,-8.645454939839223307e-01,-9.799885827532129889e-01,-7.288778009734118157e-01,1.763184958368105570e-01,-1.647263871050894002e+00,0.000000000000000000e+00,-9.477340229659581006e-01,-7.271439967340667110e-01,1.048527486630798089e+00,2.945743905359211046e-01,0.000000000000000000e+00
-3.835680061111435557e-01,-4.926621510987789221e-01,6.350391642765279565e-01,-7.288778009734118157e-01,1.816490550132727311e+00,-6.046918007655180949e-01,0.000000000000000000e+00,-6.013161716130556167e-01,-3.476825458860076379e-02,5.860036654997163863e-01,3.136530427727027281e-01,0.000000000000000000e+00
-1.309786351318680930e+00,-8.707000850723453089e-01,-1.395281431989431997e+00,-1.722802075028064372e+00,-1.463853558459106363e+00,-1.647263871050894002e+00,0.000000000000000000e+00,-1.270022337156590186e+00,-1.226035849692526325e+00,-1.918773064025578456e-01,-8.692233959078103922e-01,0.000000000000000000e+00
-5.938204933078765624e-01,-5.442981271796045739e-01,-1.533712381734837926e+00,-7.288778009734118157e-01,1.324438933843952393e+00,-1.647263871050894002e+00,0.000000000000000000e+00,-9.118202932360681690e-01,-5.889489527189816637e-02,5.124203303197709669e-01,-1.442346109100758889e-01,0.000000000000000000e+00
-1.201814700980639472e+00,-7.790071093651775858e-01,-5.646957335169939807e-01,-7.288778009734118157e-01,-4.797503258815561944e-01,4.378802695198577011e-01,0.000000000000000000e+00,-8.800216783710586022e-01,-5.329539619660886851e-01,-1.498296862997328394e-01,-4.494930466985966322e-01,0.000000000000000000e+00
-1.083999481381012098e+00,-1.042507060032185517e+00,-9.646073661148345524e-01,-1.722802075028064372e+00,1.242430331129156462e+00,-1.647263871050894002e+00,0.000000000000000000e+00,-9.524102898578699072e-01,-1.005483046568166783e+00,2.496227046771113400e-01,6.952260875083532410e-01,0.000000000000000000e+00
2.896398479196415909e-01,6.448940492273126379e-01,-7.646515498159135449e-01,-7.288778009734118157e-01,9.143959202699731836e-01,-6.046918007655180949e-01,0.000000000000000000e+00,2.159082304176309086e-01,7.425803391341279092e-01,1.206206062016395020e+00,2.049810396319909245e+00,0.000000000000000000e+00
-1.382997897701742307e+00,-8.253230151831346673e-01,-4.173436781212590957e-02,-7.288778009734118157e-01,3.403357012664022241e-01,4.378802695198577011e-01,0.000000000000000000e+00,-1.615317884455430120e+00,-1.240747215962832772e+00,9.959679615022667409e-01,1.534686785926782315e+00,0.000000000000000000e+00
-1.553202438580764400e-01,8.780549952804682715e-03,-1.955465341959101988e-01,-7.288778009734118157e-01,4.223443039811980992e-01,4.378802695198577011e-01,0.000000000000000000e+00,-1.359340905298901947e-01,-1.464569473127308452e-01,1.321837017299165584e+00,1.248507002375044861e+00,0.000000000000000000e+00
1.593663609733134423e-01,-1.580193000537436221e-01,-4.108835671332081718e-01,-7.288778009734118157e-01,8.323873175551772530e-01,-6.046918007655180949e-01,0.000000000000000000e+00,-8.299874931343760587e-02,-7.184089758976151818e-02,8.277774810909633851e-01,4.853609129037455006e-01,0.000000000000000000e+00
-5.856687875131210141e-01,-7.692014896649835842e-01,-2.416901841110454807e-01,-7.288778009734118157e-01,-4.797503258815561944e-01,-6.046918007655180949e-01,0.000000000000000000e+00,-7.679783236408279645e-01,-5.873271717011258053e-01,1.647706073096064205e+00,6.570687830347883285e-01,0.000000000000000000e+00
-8.543674672005329152e-01,-1.135764762287252649e+00,-1.241469265605647854e+00,-1.722802075028064372e+00,6.683701121255856137e-01,1.480452339805233608e+00,0.000000000000000000e+00,-6.304960770185887853e-01,-8.914405352407908101e-01,4.598608051912396744e-01,2.564170860623562476e-01,0.000000000000000000e+00
-4.669307332952165601e-01,-1.706414275401658409e-01,-6.108393834321292903e-01,-7.288778009734118157e-01,-3.977417231667603192e-01,-1.647263871050894002e+00,0.000000000000000000e+00,-7.455322425596467850e-01,3.649101442429443232e-01,9.854560564765605379e-01,-1.079088570512418022e+00,0.000000000000000000e+00
-7.800792804294852667e-01,-6.123115744618213840e-01,-1.647841009191533257e-01,-7.288778009734118157e-01,-6.970731230757695740e-02,-1.647263871050894002e+00,0.000000000000000000e+00,-4.559777966124017867e-01,-3.926663732124930917e-01,5.860036654997163863e-01,1.037878681680966808e-01,0.000000000000000000e+00
-1.246879791506347646e+00,-1.373394567362251850e+00,-7.800327664542919814e-01,-7.288778009734118157e-01,1.242430331129156462e+00,4.378802695198577011e-01,0.000000000000000000e+00,-9.000361006684438614e-01,-1.163895038566772566e+00,3.652536599598817380e-01,-4.304143944618133433e-01,0.000000000000000000e+00
-1.101533339128211164e+00,-4.582381670448932853e-01,-1.933624014332678609e+00,-1.722802075028064372e+00,5.043529066959939744e-01,-6.046918007655180949e-01,0.000000000000000000e+00,-1.045374475669097691e+00,-6.812445339707248193e-01,7.016346207824867287e-01,-7.547514824871156547e-01,0.000000000000000000e+00
-1.433753801706807662e+00,-1.674343640075758088e+00,-1.056894665945105061e+00,-7.288778009734118157e-01,3.403357012664022241e-01,-1.647263871050894002e+00,0.000000000000000000e+00,-1.070813367561101348e+00,-1.317246320568400186e+00,3.967893750370005135e-01,2.754957382991378156e-01,0.000000000000000000e+00
-1.629394740780867323e+00,-1.736724071785524348e+00,-1.241469265605647854e+00,-7.288778009734118157e-01,-6.970731230757695740e-02,-6.046918007655180949e-01,0.000000000000000000e+00,-1.414425458778856948e+00,-1.896638769757947651e+00,3.938460416298299183e-02,-2.396278720939889473e-01,0.000000000000000000e+00
-8.140703555359046772e-01,-9.435120271014698634e-01,6.593414865652458268e-02,-7.288778009734118157e-01,-1.545862161173902072e+00,-6.046918007655180949e-01,0.000000000000000000e+00,-1.235605012832109217e+00,-8.900282440788472860e-01,7.962417660138446651e-01,-1.517897571958415126e+00,0.000000000000000000e+00
-1.480510755699346426e+00,-1.749763459684720912e+00,-1.564474815011594799e+00,-7.288778009734118157e-01,-2.283939585607064782e+00,-6.046918007655180949e-01,0.000000000000000000e+00,-1.059216225669157518e+00,-1.539211414854703142e+00,-1.393177812740266086e-01,-5.830436123560729378e-01,0.000000000000000000e+00
-1.183204202845453912e+00,-1.334797979180622818e+00,-1.549093598373216363e+00,-1.722802075028064372e+00,4.223443039811980992e-01,4.378802695198577011e-01,0.000000000000000000e+00,-1.146194789858735241e+00,-1.179901005068860531e+00,9.194412929151424274e-02,-5.830436123560729378e-01,0.000000000000000000e+00
-5.110729892026476540e-01,-8.836351578683496744e-01,5.055293201814615306e-02,-7.288778009734118157e-01,-5.617589285963520140e-01,1.480452339805233608e+00,0.000000000000000000e+00,-8.130575364788660275e-01,-6.112184305240924154e-01,5.124203303197709669e-01,-6.402795690664210282e-01,0.000000000000000000e+00
-1.972227801469610409e+00,-2.264349863738698954e+00,-8.723200662845640441e-01,-1.722802075028064372e+00,-3.977417231667603192e-01,-6.046918007655180949e-01,0.000000000000000000e+00,-1.538627107428062857e+00,-2.212874299104349074e+00,-8.675825614549367848e-02,-1.068404525259963357e-02,0.000000000000000000e+00
-9.897165445473594669e-01,-9.949393729759112848e-01,-1.349137782074296688e+00,-7.288778009734118157e-01,-6.437675313111478337e-01,1.480452339805233608e+00,0.000000000000000000e+00,-1.206051006075220089e+00,-1.039613416315271932e+00,7.121465258081930427e-01,-4.685716989353782558e-01,0.000000000000000000e+00
-1.680765867864776997e+00,-1.621768828066185941e+00,-1.564474815011594799e+00,-7.288778009734118157e-01,1.763184958368105570e-01,-6.046918007655180949e-01,0.000000000000000000e+00,-1.704728107428803874e+00,-1.665023019198323073e+00,-5.703058873279894803e-01,8.394606984183641471e-03,0.000000000000000000e+00
-1.680612062095067749e+00,-1.515576053015114333e+00,-1.072275882583483497e+00,-1.722802075028064372e+00,7.503787148403814333e-01,1.480452339805233608e+00,0.000000000000000000e+00,-1.445288820265479224e+00,-1.613709773647510559e+00,4.913965202683583944e-01,3.708889994830508741e-01,0.000000000000000000e+00
-2.760577730822370013e-01,-2.845535202275655262e-01,-5.493145168786155441e-01,-7.288778009734118157e-01,-5.617589285963520140e-01,-6.046918007655180949e-01,0.000000000000000000e+00,-6.387263067483591739e-01,-3.845456990312905998e-01,7.226584308338992457e-01,-4.685716989353782558e-01,0.000000000000000000e+00
-1.990376882295660899e+00,-1.947649210442960133e+00,-1.164563182413754117e+00,-7.288778009734118157e-01,9.964045229847690033e-01,-1.647263871050894002e+00,0.000000000000000000e+00,-1.793764229050826664e+00,-1.916057773234746131e+00,2.075750845742863337e-01,-4.113357422250301099e-01,0.000000000000000000e+00
-1.368693961118494506e+00,-1.266575901692015949e+00,-8.261764163694287344e-01,-7.288778009734118157e-01,-1.627870763888698002e+00,1.480452339805233608e+00,0.000000000000000000e+00,-1.134971749318147038e+00,-1.250162490375823721e+00,6.490750956539554917e-01,-5.830436123560729378e-01,0.000000000000000000e+00
-1.167977431643929087e+00,-8.479593925761410578e-01,-1.441425081904567307e+00,-1.722802075028064372e+00,-1.053810544885127154e+00,1.480452339805233608e+00,0.000000000000000000e+00,-7.848128844517151537e-01,-9.056811377904425697e-01,-8.961749431248866582e-01,-3.540997855146835738e-01,0.000000000000000000e+00
-1.494507080743168403e+00,-1.333024622426333350e+00,-7.800327664542919814e-01,-7.288778009734118157e-01,-8.897933394555354036e-01,-1.647263871050894002e+00,0.000000000000000000e+00,-1.418353522968061942e+00,-1.226977377133828817e+00,8.593131961680822162e-01,-3.350211332779003404e-01,0.000000000000000000e+00
-6.848735089775629392e-01,-5.523303901255091075e-01,-1.041513449306726624e+00,-7.288778009734118157e-01,9.430989312201472352e-02,-6.046918007655180949e-01,0.000000000000000000e+00,-5.450139182344245770e-01,-6.392288719027481303e-01,9.223846263223213215e-01,-5.067290034089431128e-01,0.000000000000000000e+00
-1.000944365736364805e+00,-7.403062060803563549e-01,-1.494028842807749169e-01,-7.288778009734118157e-01,9.143959202699731836e-01,4.378802695198577011e-01,0.000000000000000000e+00,-8.938634283711230921e-01,-7.435030360266404736e-01,-2.969963566596220406e-01,-6.212009168296377393e-01,0.000000000000000000e+00
-1.554952748240110649e+00,-1.219529790151708148e+00,-8.877012829229424806e-01,-7.288778009734118157e-01,-7.257761340259436533e-01,4.378802695198577011e-01,0.000000000000000000e+00,-1.475029877698048608e+00,-1.442587161191365430e+00,-2.969963566596220406e-01,-3.350211332779003404e-01,0.000000000000000000e+00
-1.451690630570648122e-01,2.812515994944638775e-01,-1.647841009191533257e-01,-7.288778009734118157e-01,-7.257761340259436533e-01,-6.046918007655180949e-01,0.000000000000000000e+00,-8.665540297223498500e-01,-3.135780681433557038e-01,6.490750956539554917e-01,-7.547514824871156547e-01,0.000000000000000000e+00
-1.937775309054048600e+00,-1.767184081918050875e+00,-4.262647837715881072e-01,-7.288778009734118157e-01,3.403357012664022241e-01,-6.046918007655180949e-01,0.000000000000000000e+00,-1.906929887835115300e+00,-1.607589845279068230e+00,-1.274603524050318404e+00,-6.402795690664210282e-01,0.000000000000000000e+00
-1.432677161318821391e+00,-1.247694868013972780e+00,-1.487568731819702617e+00,-7.288778009734118157e-01,-7.257761340259436533e-01,-1.647263871050894002e+00,0.000000000000000000e+00,-1.017316874317617525e+00,-1.201556136218749904e+00,2.811584197542300601e-01,-5.448863078825080253e-01,0.000000000000000000e+00
-4.314016004916758629e-01,-3.285744937752609340e-01,-1.103038315860240370e+00,-7.288778009734118157e-01,2.583270985516064044e-01,4.378802695198577011e-01,0.000000000000000000e+00,-5.205102797208031040e-01,-1.599914042814039872e-01,8.143222426580798423e-02,-1.633132631468591778e-01,0.000000000000000000e+00
-1.934852999429515386e+00,-1.477813985659033991e+00,-9.030824995613209172e-01,-7.288778009734118157e-01,-3.977417231667603192e-01,4.378802695198577011e-01,0.000000000000000000e+00,-1.519547938509055340e+00,-1.563808819258648342e+00,-1.001293993381950687e+00,-6.593582213032026518e-01,0.000000000000000000e+00
-4.833879506544368487e-01,-5.429420308380835669e-01,-4.877896503251017979e-01,-7.288778009734118157e-01,-1.135819147599922863e+00,4.378802695198577011e-01,0.000000000000000000e+00,-6.705249216133639667e-01,-4.748146424658551412e-01,4.493489001655334159e-01,-7.738301347238972783e-01,0.000000000000000000e+00
-1.434215219015942511e+00,-1.179055530112591565e+00,-1.702905764757002061e+00,-7.288778009734118157e-01,1.230129040721887786e-02,-6.046918007655180949e-01,0.000000000000000000e+00,-1.251317269588938297e+00,-1.155185909734760319e+00,-1.085389233587602531e+00,-7.929087869606805672e-01,0.000000000000000000e+00
-1.356081888002091951e+00,-1.184375600375465742e+00,-9.799885827532129889e-01,-7.288778009734118157e-01,-2.337245177371686522e-01,-6.046918007655180949e-01,0.000000000000000000e+00,-9.252879418847768100e-01,-1.097164281164688671e+00,-4.231392169680986970e-01,-5.448863078825080253e-01,0.000000000000000000e+00
-1.339412418680668848e-01,-1.058617484569457368e-01,-9.184637161996993537e-01,-7.288778009734118157e-01,8.323873175551772530e-01,1.480452339805233608e+00,0.000000000000000000e+00,-6.223612431334554773e-02,-1.876228808651277113e-02,-3.390439767624470191e-01,-4.304143944618133433e-01,0.000000000000000000e+00
-1.731983189178977200e+00,-1.744756334731428771e+00,1.889838817635519919e-01,-7.288778009734118157e-01,2.583270985516064044e-01,-6.046918007655180949e-01,0.000000000000000000e+00,-1.630656039860908235e+00,-1.670201420125469793e+00,-1.232555903947493370e+00,-1.823919153836407736e-01,0.000000000000000000e+00
-1.471685380633208640e-01,5.847042346846160754e-01,-7.954139830926704180e-01,-7.288778009734118157e-01,6.683701121255856137e-01,-1.647263871050894002e+00,0.000000000000000000e+00,9.030183119407803743e-03,3.363606784017578177e-03,5.544679504225975553e-01,-1.068404525259963357e-02,0.000000000000000000e+00
-1.124911816124484210e+00,-4.799357085091587871e-01,1.428402318484167099e-01,-7.288778009734118157e-01,-2.337245177371686522e-01,4.378802695198577011e-01,0.000000000000000000e+00,-1.117950137831584367e+00,-1.200496917847285516e+00,-2.759725466082095235e-01,9.050912621129608704e-01,0.000000000000000000e+00
4.770337216217819531e-02,7.126988663031452731e-01,9.734259303208563363e-01,2.650464730812406300e-01,-6.970731230757695740e-02,4.378802695198577011e-01,0.000000000000000000e+00,-1.774593405300743110e-01,2.295655745561715477e-01,1.773848933404540862e+00,2.297832875398081676e+00,0.000000000000000000e+00
-3.964876907669792061e-01,-4.386269276444994536e-01,-2.263089674726670442e-01,2.650464730812406300e-01,-5.617589285963520140e-01,-6.046918007655180949e-01,0.000000000000000000e+00,-1.480923844488655217e-01,-3.384108544076248060e-01,1.374396542427696710e+00,1.725473308294606767e+00,0.000000000000000000e+00
-4.319583773779892694e-02,-2.014143829822745979e-01,-8.877012829229424806e-01,-7.288778009734118157e-01,-8.897933394555354036e-01,-1.647263871050894002e+00,0.000000000000000000e+00,-1.603460742124496533e-02,-3.038097209398720189e-01,5.124203303197709669e-01,7.143047397451348646e-01,0.000000000000000000e+00
-8.795331672408147894e-02,-1.552027922675153770e-01,-1.647841009191533257e-01,-7.288778009734118157e-01,-9.718019421703312233e-01,-6.046918007655180949e-01,0.000000000000000000e+00,-5.373448405316855192e-01,-2.622648225925431342e-01,-1.077820661969061816e-01,-8.699865419972939440e-02,0.000000000000000000e+00
-8.589816402918964977e-01,-7.658634063627888233e-01,-1.149181965775375680e+00,-7.288778009734118157e-01,5.863615094107897940e-01,-6.046918007655180949e-01,0.000000000000000000e+00,-7.144818303973441420e-01,-1.005836119358659575e+00,-6.964487476364662477e-01,-6.212009168296377393e-01,0.000000000000000000e+00
-3.398871675128473102e-01,8.180112218831939175e-02,-7.031266832623997987e-01,-7.288778009734118157e-01,-1.217827750314718793e+00,-6.046918007655180949e-01,0.000000000000000000e+00,-9.047123675603603310e-01,1.159938269494502072e-01,6.175393805768351063e-01,-1.899470616694063807e+00,0.000000000000000000e+00
-6.950246897785745670e-01,-4.375837766125607042e-01,-7.338891165391566718e-01,-1.722802075028064372e+00,4.223443039811980992e-01,-6.046918007655180949e-01,0.000000000000000000e+00,-3.704956378282375784e-01,-2.935706100157474130e-01,-6.859368426107599337e-01,-4.685716989353782558e-01,0.000000000000000000e+00
-8.679023749352126060e-01,-6.060526682702063184e-01,-1.687524548118623624e+00,-7.288778009734118157e-01,-3.977417231667603192e-01,1.480452339805233608e+00,0.000000000000000000e+00,-7.539495229650879926e-01,-3.297017255756056198e-01,-3.495558817881549429e-01,-6.784368735399859407e-01,0.000000000000000000e+00
-2.402210287392705923e-01,-1.717888936752967055e-01,-2.564253896506197172e+00,-7.288778009734118157e-01,-8.897933394555354036e-01,4.378802695198577011e-01,0.000000000000000000e+00,-3.424380364767622420e-01,6.567153902857197478e-04,2.811584197542300601e-01,-3.922570899882484863e-01,0.000000000000000000e+00
-1.744749068065096331e+00,-1.879948708470319696e+00,-9.799885827532129889e-01,-7.288778009734118157e-01,8.323873175551772530e-01,-1.647263871050894002e+00,0.000000000000000000e+00,-1.507576695265760103e+00,-2.014800463641006179e+00,-3.180201667110345021e-01,4.655191145774852796e-02,0.000000000000000000e+00
-9.883322926199548109e-01,-1.191156082083047352e+00,-5.800769501553724172e-01,2.650464730812406300e-01,-2.337245177371686522e-01,-6.046918007655180949e-01,0.000000000000000000e+00,-1.116640783101846335e+00,-1.396805389358185545e+00,1.129679393429284112e-01,-8.119874391974621908e-01,0.000000000000000000e+00
-1.796581612458148181e+00,-1.506917899450045395e+00,-1.379900215351053561e+00,-7.288778009734118157e-01,9.430989312201472352e-02,4.378802695198577011e-01,0.000000000000000000e+00,-1.661145299996179547e+00,-2.018566573406209486e+00,-9.487344682534195606e-01,5.616755218508753256e-01,0.000000000000000000e+00
-1.366386874572812715e+00,-1.229856985367874245e+00,-9.030824995613209172e-01,-7.288778009734118157e-01,-8.077847367407395840e-01,4.378802695198577011e-01,0.000000000000000000e+00,-1.331749060129839846e+00,-1.429405777013178280e+00,7.647060509367259451e-01,3.327316950094860171e-01,0.000000000000000000e+00
-5.019984487896224090e-01,-1.084546046619201398e+00,-7.492703331775351083e-01,-7.288778009734118157e-01,-2.337245177371686522e-01,4.378802695198577011e-01,0.000000000000000000e+00,-6.838055195863972369e-01,-6.196921774957876439e-01,-7.624635111978743385e-02,7.333833919819181535e-01,0.000000000000000000e+00
-1.633547496563096058e+00,-1.389772038563643175e+00,-2.570714007494239173e-01,-7.288778009734118157e-01,1.488456139273544032e+00,-6.046918007655180949e-01,0.000000000000000000e+00,-1.695936725672007039e+00,-1.722573884047739812e+00,-6.228654124565208283e-01,1.991811293520080739e-01,0.000000000000000000e+00
-2.957449116054162164e-01,-2.430361091565161336e-01,3.581772647857147107e-01,2.650464730812406300e-01,-3.977417231667603192e-01,4.378802695198577011e-01,0.000000000000000000e+00,-3.003516344495468227e-01,-3.534752934684102232e-01,7.226584308338992457e-01,-1.823919153836407736e-01,0.000000000000000000e+00
-1.004020481130607045e+00,-8.120749970775480442e-01,-5.339333002402371076e-01,-1.722802075028064372e+00,-3.157331204519644996e-01,-6.046918007655180949e-01,0.000000000000000000e+00,-1.138712762831676439e+00,-1.273465294547980520e+00,-6.018416024051083113e-01,-2.014705676204240625e-01,0.000000000000000000e+00
-6.485753473254541879e-01,-2.460612471491286091e-01,-1.026132232668348410e+00,-7.288778009734118157e-01,-5.617589285963520140e-01,-1.647263871050894002e+00,0.000000000000000000e+00,-1.017503924993297781e+00,-6.594717118906803233e-01,4.913965202683583944e-01,-6.021222645928561157e-01,0.000000000000000000e+00
-4.195585562238264843e-01,1.484584731290211068e-01,1.736026651251735831e-01,-7.288778009734118157e-01,-9.718019421703312233e-01,1.480452339805233608e+00,0.000000000000000000e+00,-2.451716851249737539e-01,-1.399839461537957241e-01,-9.277106582020070435e-01,-2.396278720939889473e-01,0.000000000000000000e+00
-7.905380727699226062e-01,-9.119045508338124995e-01,-5.493145168786155441e-01,-7.288778009734118157e-01,-8.897933394555354036e-01,-6.046918007655180949e-01,0.000000000000000000e+00,-9.570865567497816029e-01,-1.167072693681159068e+00,-7.490082727649974847e-01,1.037878681680966808e-01,0.000000000000000000e+00
3.488550692588809898e-01,7.390905874111264318e-01,-7.031266832623997987e-01,2.650464730812406300e-01,5.863615094107897940e-01,-6.046918007655180949e-01,0.000000000000000000e+00,-2.180493371518807677e-01,2.805257473164982085e-01,8.698251011937900845e-01,-6.212009168296377393e-01,0.000000000000000000e+00
-5.619826989774223680e-01,-3.309737411487148062e-01,-1.801653175575317622e-01,-7.288778009734118157e-01,8.323873175551772530e-01,-6.046918007655180949e-01,0.000000000000000000e+00,-6.430284722889152427e-01,-4.442150006236295079e-01,-4.756987420966315994e-01,-3.540997855146835738e-01,0.000000000000000000e+00
-7.597769188274545726e-01,-4.105661648854209700e-01,-4.173436781212590957e-02,-7.288778009734118157e-01,-6.970731230757695740e-02,1.480452339805233608e+00,0.000000000000000000e+00,-5.700787087750773807e-01,-6.116891942447402197e-01,2.916703247799363186e-01,-4.876503511721615447e-01,0.000000000000000000e+00
3.894597924629348284e-01,1.021471571756171759e+00,-3.493587005796944811e-01,-1.722802075028064372e+00,-1.299836353029514502e+00,4.378802695198577011e-01,0.000000000000000000e+00,7.730367974133385556e-02,5.081400062506025161e-01,3.442298499084692764e-01,-1.212639136169894272e+00,0.000000000000000000e+00
-4.237113120060551630e-01,-2.366144714040143565e-02,-7.249680108888276187e-02,-7.288778009734118157e-01,9.430989312201472352e-02,-6.046918007655180949e-01,0.000000000000000000e+00,-7.728416412084152531e-01,-2.755638977008923463e-01,-1.295627334101730810e+00,-3.731784377514651974e-01,0.000000000000000000e+00
-7.110204898286525133e-01,-1.638609458325843149e-01,-1.186404510040180438e-01,-7.288778009734118157e-01,-1.463853558459106363e+00,-6.046918007655180949e-01,0.000000000000000000e+00,-1.012453556750030348e+00,-7.037235016317479053e-01,-1.327163049178849530e+00,-3.159424810411187168e-01,0.000000000000000000e+00
-1.593191938705959265e-01,-2.253025416136097414e-01,2.043650984019304284e-01,-7.288778009734118157e-01,2.583270985516064044e-01,1.480452339805233608e+00,0.000000000000000000e+00,-1.739053776922204197e-01,-3.488853471920801974e-01,-6.438892225079332343e-01,8.394606984183641471e-03,0.000000000000000000e+00
-8.277590690403009432e-01,-3.090675694780592453e-01,4.409282103010865074e-03,-7.288778009734118157e-01,-1.299836353029514502e+00,4.378802695198577011e-01,0.000000000000000000e+00,-6.806256580998943928e-01,-7.244371053403347860e-01,-1.201020188870372873e+00,8.478553054026127800e-01,0.000000000000000000e+00
-7.542399111178139659e-01,-4.489541228606599432e-01,3.427960481473362742e-01,2.650464730812406300e-01,-1.709879366603493711e+00,-6.046918007655180949e-01,0.000000000000000000e+00,-8.420503912087283771e-01,-5.867387170503091109e-01,9.854560564765605379e-01,2.747325922096691478e-02,0.000000000000000000e+00
-1.831590881760038203e-01,1.015166766919053387e-01,-4.877896503251017979e-01,2.650464730812406300e-01,1.324438933843952393e+00,1.480452339805233608e+00,0.000000000000000000e+00,-1.075023878270590649e-01,-6.878093340553688428e-02,6.911227157567805257e-01,-7.356728302503324768e-01,0.000000000000000000e+00
-1.699317919807424304e-01,9.546640070668035993e-02,-2.109277508342886076e-01,-7.288778009734118157e-01,-8.897933394555354036e-01,4.378802695198577011e-01,0.000000000000000000e+00,-1.591283743137782702e-01,-1.196234152357015940e-01,7.848889085864240583e-03,-1.068404525259963357e-02,0.000000000000000000e+00
-1.247033597276056893e+00,-7.698273802841421043e-01,4.350833479776083368e-01,2.650464730812406300e-01,1.763184958368105570e-01,4.378802695198577011e-01,0.000000000000000000e+00,-1.163964604048004725e+00,-9.774726051895180623e-01,2.075750845742863337e-01,-3.922570899882484863e-01,0.000000000000000000e+00
-4.014094753977758834e-01,-9.261373035135909981e-02,-3.801211338564513542e-01,2.650464730812406300e-01,-1.053810544885127154e+00,-1.647263871050894002e+00,0.000000000000000000e+00,-4.213734216122499432e-01,-3.850164627519384042e-01,7.016346207824867287e-01,-8.119874391974621908e-01,0.000000000000000000e+00
-7.105590725195176649e-01,-2.457483018395522356e-01,-7.185078999007782352e-01,2.650464730812406300e-01,-6.970731230757695740e-02,-1.647263871050894002e+00,0.000000000000000000e+00,-5.678341006669569424e-01,-4.694008596783845189e-01,-1.632008294924335745e+00,-2.968638288043354279e-01,0.000000000000000000e+00
-9.580325559866291751e-01,-7.847444400408261078e-01,-3.955023504948297353e-01,1.258970747135893076e+00,1.324438933843952393e+00,-1.647263871050894002e+00,0.000000000000000000e+00,-1.304252610805390900e+00,-6.923074814059968496e-01,-9.277106582020070435e-01,-1.633132631468591778e-01,0.000000000000000000e+00
-3.311202386392477215e-01,2.338925426445737643e-01,6.196579476381495200e-01,-7.288778009734118157e-01,-6.437675313111478337e-01,4.378802695198577011e-01,0.000000000000000000e+00,-2.378767087735904617e-01,-2.638630654262825222e-03,-4.441630270195112140e-01,1.687316003821041965e+00,0.000000000000000000e+00
-1.165208927789112447e+00,-9.873243704427752121e-01,2.505087483170657103e-01,-7.288778009734118157e-01,-1.053810544885127154e+00,4.378802695198577011e-01,0.000000000000000000e+00,-8.918058709386781358e-01,-1.317010938708069512e+00,1.550155594457534036e-01,1.534686785926782315e+00,0.000000000000000000e+00
-3.657265368245186665e-01,-1.271420295084368934e-01,5.427518644462573372e-01,-7.288778009734118157e-01,-2.337245177371686522e-01,4.378802695198577011e-01,0.000000000000000000e+00,-4.367115770177233958e-01,-4.272675066802458788e-01,1.742313218327420588e+00,4.662822606669639325e-01,0.000000000000000000e+00
2.208886688582419877e-01,3.916169786732787705e-01,1.404099996195452338e+00,2.650464730812406300e-01,9.430989312201472352e-02,1.480452339805233608e+00,0.000000000000000000e+00,-1.284520635028313651e-01,4.069258063109278956e-01,1.626682263044650023e+00,1.057720480007220409e+00,0.000000000000000000e+00
-8.374488325321777227e-01,-7.773380677140802053e-01,1.582214484867951465e-01,-7.288778009734118157e-01,9.430989312201472352e-02,-1.647263871050894002e+00,0.000000000000000000e+00,-5.652153912074854292e-01,-8.687261857194505943e-01,2.601346097028175985e-01,4.662822606669639325e-01,0.000000000000000000e+00
-3.143554097406017211e-01,-3.211097049908030049e-02,-7.249680108888276187e-02,-7.288778009734118157e-01,-1.381844955744310433e+00,4.378802695198577011e-01,0.000000000000000000e+00,-2.283371243140866758e-01,-8.478689990762487694e-02,1.164158441913568431e+00,-2.777851765675538043e-01,0.000000000000000000e+00
5.883306527009534159e-01,1.193382861819204166e+00,8.196137639370690842e-01,-7.288778009734118157e-01,-3.157331204519644996e-01,4.378802695198577011e-01,0.000000000000000000e+00,3.062537067693871240e-01,1.042809901978434484e+00,1.216717967042101334e+00,-1.060773064365110041e-01,0.000000000000000000e+00
-5.898215432953570758e-01,-3.632947327227470033e-03,5.581330810846357737e-01,-7.288778009734118157e-01,-3.157331204519644996e-01,-6.046918007655180949e-01,0.000000000000000000e+00,-5.715751141804910063e-01,-3.930194460029789449e-01,-2.368682599125618293e-02,1.229428350138261683e+00,0.000000000000000000e+00
6.277633759398645874e-02,6.471889814975744226e-01,-6.877454666240213621e-01,-7.288778009734118157e-01,3.403357012664022241e-01,2.523024410090609404e+00,0.000000000000000000e+00,-3.308408945848181903e-01,-1.798811714788572103e-01,2.236372754535622676e+00,2.030731744083125623e+00,0.000000000000000000e+00
1.275285666428665476e-01,5.050659123024414665e-02,-4.724084336867234168e-01,-7.288778009734118157e-01,-9.718019421703312233e-01,-6.046918007655180949e-01,0.000000000000000000e+00,5.670023486624451436e-01,2.010843694568680284e-01,1.342860827350577990e+00,1.973495787372779420e+00,0.000000000000000000e+00
-6.856425378261234993e-01,-5.699596425652233567e-01,-2.416901841110454807e-01,2.650464730812406300e-01,8.323873175551772530e-01,4.378802695198577011e-01,0.000000000000000000e+00,-4.960066412071769681e-01,-5.875625535614497075e-01,2.835551341000887238e+00,1.382057568032522887e+00,0.000000000000000000e+00
-4.165778004067773738e-02,1.354190852298245429e-01,5.119894311695004641e-01,2.650464730812406300e-01,1.898499152847523241e+00,-6.046918007655180949e-01,0.000000000000000000e+00,2.555629736610502967e-01,2.719343094146409734e-01,1.405932257504815430e+00,1.057720480007220409e+00,0.000000000000000000e+00
4.951243562552871680e-01,5.355718210804306656e-01,1.582214484867951465e-01,2.650464730812406300e-01,-6.970731230757695740e-02,4.378802695198577011e-01,0.000000000000000000e+00,2.836205750125303515e-01,3.640863077318106100e-01,1.206206062016395020e+00,6.952260875083532410e-01,0.000000000000000000e+00
-2.337611864113527671e-01,1.702144310509928066e-02,-5.711558445050433919e-02,-7.288778009734118157e-01,1.078413125699564823e+00,-6.046918007655180949e-01,0.000000000000000000e+00,-7.589082363772982343e-02,1.251737195021171978e-01,3.126941348313488356e-01,1.037878681680966808e-01,0.000000000000000000e+00
-7.328609091278043275e-01,-5.756969732408718787e-01,2.505087483170657103e-01,-7.288778009734118157e-01,-1.299836353029514502e+00,-6.046918007655180949e-01,0.000000000000000000e+00,-3.542222290443817756e-01,-4.806991889739805068e-01,8.488012911423759022e-01,-2.014705676204240625e-01,0.000000000000000000e+00
-1.005653898404914176e-01,1.560734756621570962e-01,-5.185520836018586710e-01,-7.288778009734118157e-01,-3.157331204519644996e-01,4.378802695198577011e-01,0.000000000000000000e+00,2.651025581205541104e-01,5.323843378640550350e-01,8.908489112452026015e-01,-3.350211332779003404e-01,0.000000000000000000e+00
-9.541874117438188252e-01,-7.372810680877438516e-01,-6.877454666240213621e-01,-7.288778009734118157e-01,-8.077847367407395840e-01,1.480452339805233608e+00,0.000000000000000000e+00,-3.656323202606502898e-01,-7.440914906774571680e-01,3.652536599598817380e-01,2.373384338255729586e-01,0.000000000000000000e+00
-1.202122312520065073e+00,-8.301215099300366385e-01,-3.955023504948297353e-01,-7.288778009734118157e-01,1.230129040721887786e-02,1.480452339805233608e+00,0.000000000000000000e+00,-9.907556783715558701e-01,-7.922270811138831803e-01,6.175393805768351063e-01,3.899676517198324976e-01,0.000000000000000000e+00
-4.547800774879414698e-01,-3.289917541880352791e-01,3.889396980624730826e-01,-7.288778009734118157e-01,-7.257761340259436533e-01,4.378802695198577011e-01,0.000000000000000000e+00,-2.028982324220828248e-01,-3.492384199825660507e-01,5.124203303197709669e-01,7.143047397451348646e-01,0.000000000000000000e+00
-1.366233068803103690e+00,-1.212540678237736369e+00,-1.647841009191533257e-01,-7.288778009734118157e-01,-7.257761340259436533e-01,4.378802695198577011e-01,0.000000000000000000e+00,-9.733599655336374612e-01,-1.657020035947275538e+00,7.962417660138446651e-01,4.472036084301806436e-01,0.000000000000000000e+00
3.124031018370631574e-01,4.139404107567086766e-01,-2.109277508342886076e-01,-7.288778009734118157e-01,8.323873175551772530e-01,4.378802695198577011e-01,0.000000000000000000e+00,-2.800585066454005026e-02,1.982597871329742079e-01,1.143134631862156025e+00,-1.442346109100758889e-01,0.000000000000000000e+00
-1.424986872833200691e+00,-1.147552368948132173e+00,1.142619313343019138e+00,-1.722802075028064372e+00,-8.897933394555354036e-01,1.480452339805233608e+00,0.000000000000000000e+00,-1.319216664859513388e+00,-1.435643396311782505e+00,-1.182939712226124263e-01,6.952260875083532410e-01,0.000000000000000000e+00
-3.994100003915124208e-01,-2.525287835471337616e-01,4.043209147008514637e-01,2.650464730812406300e-01,-1.463853558459106363e+00,-6.046918007655180949e-01,0.000000000000000000e+00,-2.483515466114765979e-01,-3.697166418308221458e-01,1.752825123353128456e+00,2.182597815887913351e-01,0.000000000000000000e+00
-7.670057900039329857e-01,-5.688121764300982930e-01,-1.097193453536756368e-02,-7.288778009734118157e-01,-1.955905174747881281e+00,-6.046918007655180949e-01,0.000000000000000000e+00,-3.499200635038210994e-01,-5.857971896090135022e-01,-4.546749320452174170e-01,1.991811293520080739e-01,0.000000000000000000e+00
-5.253769257858953434e-01,-4.115050008141617477e-01,8.657574138522043938e-01,-1.722802075028064372e+00,1.230129040721887786e-02,1.480452339805233608e+00,0.000000000000000000e+00,-2.281500736384111383e-01,-9.314295594915819598e-02,1.847432268584484616e+00,2.945743905359211046e-01,0.000000000000000000e+00
5.421889217872588596e-01,9.624292233486002601e-01,1.034950796874370083e+00,2.650464730812406300e-01,-8.077847367407395840e-01,-6.046918007655180949e-01,0.000000000000000000e+00,7.362832101496891157e-01,8.287301000130102846e-01,1.731801313301714274e+00,4.655191145774852796e-02,0.000000000000000000e+00
-1.214829745213660966e-01,4.106023274545140267e-01,-4.570272170483449803e-01,-7.288778009734118157e-01,-5.617589285963520140e-01,4.378802695198577011e-01,0.000000000000000000e+00,4.195110203847517844e-02,-6.783940596424124780e-02,-1.603415913254390979e-01,4.655191145774852796e-02,0.000000000000000000e+00
-2.829790327192897026e-01,-1.427308785297595750e-02,1.680961895686263974e+00,2.650464730812406300e-01,-3.157331204519644996e-01,-1.647263871050894002e+00,0.000000000000000000e+00,-3.385099722875525852e-01,7.197741906870649964e-02,1.763337028378834770e+00,-4.884134972616451659e-02,0.000000000000000000e+00
2.625700324502747707e-01,3.100425679758930797e-01,2.351275316786873015e-01,2.650464730812406300e-01,-3.977417231667603192e-01,4.378802695198577011e-01,0.000000000000000000e+00,6.324700851492242037e-01,4.336416474577952096e-01,8.277774810909633851e-01,-4.113357422250301099e-01,0.000000000000000000e+00
-1.257895360733113088e-01,4.406450771742662642e-01,2.043650984019304284e-01,-7.288778009734118157e-01,-3.977417231667603192e-01,4.378802695198577011e-01,0.000000000000000000e+00,-2.706105770169776048e-01,1.922575496946868912e-01,3.337179448827630179e-01,-6.021222645928561157e-01,0.000000000000000000e+00
5.894072930889396877e-01,7.945862223101132216e-01,1.019569580235991646e+00,2.650464730812406300e-01,-3.157331204519644996e-01,-1.647263871050894002e+00,0.000000000000000000e+00,7.254342709604518769e-01,9.857298008496655495e-01,1.805384648481659804e+00,-6.784368735399859407e-01,0.000000000000000000e+00
-2.525254903162548192e-01,2.885536567180118639e-01,2.812711815938225834e-01,2.650464730812406300e-01,-1.053810544885127154e+00,2.523024410090609404e+00,0.000000000000000000e+00,3.577842974114975316e-02,-2.547067110577181520e-02,-1.708534963511453564e-01,-2.205492198572056584e-01,0.000000000000000000e+00
-3.397333617431381736e-01,2.510002195683215809e-01,-3.185962673029376080e-01,2.650464730812406300e-01,6.683701121255856137e-01,4.378802695198577011e-01,0.000000000000000000e+00,-4.077187222878657091e-01,-4.512505644289421802e-02,-1.306139239127437124e+00,-8.883020481445936811e-01,0.000000000000000000e+00
7.772041379076695122e-01,9.527279187515983461e-01,3.274148315089578376e-01,-7.288778009734118157e-01,-6.437675313111478337e-01,1.480452339805233608e+00,0.000000000000000000e+00,9.474634229884729697e-01,1.108363750078898757e+00,1.374396542427696710e+00,-1.365268354064155476e+00,0.000000000000000000e+00
1.624424763675631767e-01,-6.239948660195028252e-01,-8.877012829229424806e-01,2.650464730812406300e-01,1.078413125699564823e+00,-6.046918007655180949e-01,0.000000000000000000e+00,-1.387398506650372731e-01,-7.757503508911404166e-01,-6.018416024051083113e-01,2.373384338255729586e-01,0.000000000000000000e+00
6.508342413966823614e-02,-2.351081613138037429e-01,-1.186404510040180438e-01,2.650464730812406300e-01,-1.709879366603493711e+00,-6.046918007655180949e-01,0.000000000000000000e+00,2.896061966341755278e-01,2.278261026081606841e-02,-1.708534963511453564e-01,-5.830436123560729378e-01,0.000000000000000000e+00
7.023007280577704403e-01,-3.701378034918020171e-02,-1.549093598373216363e+00,2.650464730812406300e-01,-1.135819147599922863e+00,-6.046918007655180949e-01,0.000000000000000000e+00,9.775785817723932070e-01,2.452184682677736871e-01,-5.387701722508690949e-01,-2.052099834588323457e+00,0.000000000000000000e+00
1.227605877817864455e-01,4.467996682626891314e-01,-4.877896503251017979e-01,2.650464730812406300e-01,2.583270985516064044e-01,-1.647263871050894002e+00,0.000000000000000000e+00,3.247717236613634206e-01,4.622405434872606800e-01,9.194412929151424274e-02,-1.441582963011285301e+00,0.000000000000000000e+00
-6.427307280763878694e-01,-1.386433955261448414e+00,-9.953697993915914255e-01,1.258970747135893076e+00,-1.709879366603493711e+00,4.378802695198577011e-01,0.000000000000000000e+00,-3.502941648551721188e-01,-1.260283910369793148e+00,-1.158972568767547839e+00,-4.494930466985966322e-01,0.000000000000000000e+00
1.898199033763556809e-01,-3.903290348658627340e-01,1.120777985716598646e-01,-7.288778009734118157e-01,-8.897933394555354036e-01,4.378802695198577011e-01,0.000000000000000000e+00,2.542536189313168715e-01,-2.848614811837282268e-01,-6.333773174822270313e-01,-1.155403179459547847e+00,0.000000000000000000e+00
-6.962551359362699754e-01,-1.142858189304416516e+00,9.669658193328144191e-02,2.650464730812406300e-01,-6.970731230757695740e-02,-6.046918007655180949e-01,0.000000000000000000e+00,-4.619634182340517370e-01,-9.755895503069198504e-01,7.848889085864240583e-03,-1.498818919721631726e+00,0.000000000000000000e+00
1.116865723624976825e-01,-4.184941127281333606e-01,-6.262206000705077269e-01,2.650464730812406300e-01,-1.053810544885127154e+00,4.378802695198577011e-01,0.000000000000000000e+00,3.015774398774753728e-01,-3.752481155484547193e-01,-5.387701722508690949e-01,-1.288953745117024097e+00,0.000000000000000000e+00
-7.533170764995441582e-01,-1.213688144372867317e+00,-3.032150506645591714e-01,2.650464730812406300e-01,-6.970731230757695740e-02,-1.647263871050894002e+00,0.000000000000000000e+00,-3.532869756659994254e-01,-1.043379526080468134e+00,-3.285320717367407606e-01,-1.327111049590590675e+00,0.000000000000000000e+00
-5.698267932327522045e-01,-9.907667688481678336e-01,-1.801653175575317622e-01,2.650464730812406300e-01,-1.135819147599922863e+00,-1.647263871050894002e+00,0.000000000000000000e+00,-4.926397290449985866e-01,-7.639812578749034522e-01,-5.597939823022816119e-01,-1.308032397353807275e+00,0.000000000000000000e+00
-2.737506865365552100e-01,-6.633216599234883493e-01,-2.416901841110454807e-01,2.650464730812406300e-01,1.230129040721887786e-02,-6.046918007655180949e-01,0.000000000000000000e+00,-1.061013782662636323e-02,-6.866583167581954417e-01,-6.018416024051083113e-01,-1.498818919721631726e+00,0.000000000000000000e+00
-7.936141881641649576e-01,-9.980688260717158755e-01,-9.338449328380776793e-01,2.650464730812406300e-01,-1.463853558459106363e+00,-6.046918007655180949e-01,0.000000000000000000e+00,-6.613594385052159463e-01,-9.139195029018138960e-01,-2.339249265053828519e-01,-3.159424810411187168e-01,0.000000000000000000e+00
-2.116131555727826241e-01,-1.076351052112410195e-01,-4.570272170483449803e-01,2.650464730812406300e-01,-5.617589285963520140e-01,4.378802695198577011e-01,0.000000000000000000e+00,-1.740924283679006479e-01,-4.541010387572751439e-01,-4.231392169680986970e-01,-1.651448137615891376e+00,0.000000000000000000e+00
1.412172801472628136e-01,6.485617682548737960e-03,-3.955023504948297353e-01,-7.288778009734118157e-01,3.403357012664022241e-01,4.378802695198577011e-01,0.000000000000000000e+00,2.231078109244101493e-02,-1.975348110032194571e-01,1.024560343172221666e-01,-1.269875092880242473e+00,0.000000000000000000e+00
-1.135524414234630797e+00,-1.157357988648326064e+00,-1.087657099221861934e+00,2.650464730812406300e-01,5.043529066959939744e-01,-6.046918007655180949e-01,0.000000000000000000e+00,-1.139086864183027403e+00,-1.220033612254245892e+00,-5.492820772765754089e-01,-1.155403179459547847e+00,0.000000000000000000e+00
9.430652038500764167e-02,2.621619356100365339e-01,-9.030824995613209172e-01,2.650464730812406300e-01,-1.299836353029514502e+00,1.480452339805233608e+00,0.000000000000000000e+00,-5.325769188087305789e-02,-8.102079014242850874e-02,-2.444368315310907758e-01,-6.975155257767675643e-01,0.000000000000000000e+00
-6.979469994031076707e-01,-4.232926074750411605e-01,-5.185520836018586710e-01,-7.288778009734118157e-01,-1.299836353029514502e+00,4.378802695198577011e-01,0.000000000000000000e+00,-7.459063439109978599e-01,-1.005247664707842992e+00,-2.031460685901179897e+00,-1.403425658537720500e+00,0.000000000000000000e+00
4.232017022224666969e-02,6.542365098692813630e-02,-6.416018167088860524e-01,-7.288778009734118157e-01,9.143959202699731836e-01,-6.046918007655180949e-01,0.000000000000000000e+00,-2.092579553950837945e-01,2.601652163984041199e-01,6.175393805768351063e-01,-1.575133528668761551e+00,0.000000000000000000e+00
-4.584714159610426276e-01,-5.296940127325027170e-01,4.966082145311220830e-01,-7.288778009734118157e-01,-2.337245177371686522e-01,1.480452339805233608e+00,0.000000000000000000e+00,2.035628858229800442e-01,-2.427281281855827033e-01,1.445036544200471451e-01,2.945743905359211046e-01,0.000000000000000000e+00
-2.426819210546689309e-01,-2.749565307337557551e-01,9.426634970440964656e-01,2.650464730812406300e-01,-1.135819147599922863e+00,1.480452339805233608e+00,0.000000000000000000e+00,4.774967298444483810e-02,-2.887452818790865461e-01,2.601346097028175985e-01,8.096980009290478675e-01,0.000000000000000000e+00
8.940965228890271899e-01,1.226137804221992589e+00,4.043209147008514637e-01,1.258970747135893076e+00,-4.797503258815561944e-01,4.378802695198577011e-01,0.000000000000000000e+00,1.037434797988878055e+00,1.286665509274950825e+00,1.143134631862156025e+00,3.518103472462675851e-01,0.000000000000000000e+00
-6.997926686396546136e-01,-3.132401736058025854e-01,5.735142977230142103e-01,2.650464730812406300e-01,-1.135819147599922863e+00,4.378802695198577011e-01,0.000000000000000000e+00,-3.661018174566148253e-02,-4.936451912918438656e-01,-1.116924948664721251e+00,4.853609129037455006e-01,0.000000000000000000e+00
3.679269847032087259e-01,3.303840130986434587e-01,2.966523982322010200e-01,2.650464730812406300e-01,-6.970731230757695740e-02,-6.046918007655180949e-01,0.000000000000000000e+00,1.833614128499193030e-01,2.928832949835518118e-01,1.206206062016395020e+00,8.096980009290478675e-01,0.000000000000000000e+00
-4.910782391400501101e-01,-3.550705299864341802e-01,1.296431479726803282e+00,-7.288778009734118157e-01,1.763184958368105570e-01,1.480452339805233608e+00,0.000000000000000000e+00,3.524552236614830192e-01,-4.665503853500653497e-02,9.194412929151424274e-02,7.715406964554829550e-01,0.000000000000000000e+00
-1.428619765113756379e-01,-2.400109711639036303e-01,7.119452474684200283e-01,2.650464730812406300e-01,-1.627870763888698002e+00,4.378802695198577011e-01,0.000000000000000000e+00,5.037792202837866329e-01,-4.736118411597825539e-02,1.080063201707916809e+00,7.906193486922645786e-01,0.000000000000000000e+00
7.006088645909400725e-01,8.516465837570109665e-01,1.434862429472209211e+00,1.258970747135893076e+00,-6.437675313111478337e-01,-1.647263871050894002e+00,0.000000000000000000e+00,9.147295547450857711e-01,1.115542896818805696e+00,6.490750956539554917e-01,4.662822606669639325e-01,0.000000000000000000e+00
-7.177879436959960779e-01,-4.211019903079715188e-01,1.357956346280317028e+00,2.650464730812406300e-01,-8.077847367407395840e-01,4.378802695198577011e-01,0.000000000000000000e+00,1.599800783903557178e-01,-4.169107048259524384e-01,-1.295627334101730810e+00,1.610238248784431891e-01,0.000000000000000000e+00
1.972025803225432861e-01,8.534783569690415628e-02,2.812711815938225834e-01,2.650464730812406300e-01,-1.709879366603493711e+00,4.378802695198577011e-01,0.000000000000000000e+00,1.841096155526214251e-01,9.469176859005354330e-02,9.013608162709088045e-01,6.379901307980050396e-01,0.000000000000000000e+00
3.937663540148800823e-01,7.329359963227034536e-01,7.273264641067984648e-01,2.650464730812406300e-01,-2.337245177371686522e-01,-6.046918007655180949e-01,0.000000000000000000e+00,6.700672709602033539e-01,9.201759527492012758e-01,7.857298609881384621e-01,1.037878681680966808e-01,0.000000000000000000e+00
-6.598031685144521985e-01,-4.100445893694544819e-01,2.812711815938225834e-01,-7.288778009734118157e-01,-1.709879366603493711e+00,-6.046918007655180949e-01,0.000000000000000000e+00,4.981677000134878130e-01,-1.256256526739819857e-01,-7.805439878421162048e-01,-1.823919153836407736e-01,0.000000000000000000e+00
1.525035475287987718e-02,1.936269128118473792e-01,5.735142977230142103e-01,2.650464730812406300e-01,-1.627870763888698002e+00,4.378802695198577011e-01,0.000000000000000000e+00,4.566424500133037245e-01,4.956647676533870173e-01,3.938460416298299183e-02,-5.258076556457264017e-01,0.000000000000000000e+00
8.919432421130545352e-01,1.269637202253721453e+00,9.119010637673395925e-01,2.650464730812406300e-01,-7.257761340259436533e-01,4.378802695198577011e-01,0.000000000000000000e+00,1.222240865557270961e+00,1.516751277742462989e+00,6.175393805768351063e-01,-4.876503511721615447e-01,0.000000000000000000e+00
4.992771120375231741e-01,3.272545600028330393e-01,3.517171537976772344e-02,1.258970747135893076e+00,1.230129040721887786e-02,-6.046918007655180949e-01,0.000000000000000000e+00,1.110758662854067103e+00,2.573406340745033605e-01,-1.813654013768516149e-01,1.801024771152264503e-01,0.000000000000000000e+00
1.152182604466285065e+00,1.403160534341514998e+00,5.273706478078789006e-01,2.650464730812406300e-01,1.230129040721887786e-02,-1.647263871050894002e+00,0.000000000000000000e+00,7.497508587983978678e-01,9.934974022403890714e-01,1.416444162530521744e+00,2.945743905359211046e-01,0.000000000000000000e+00
-2.869779827318165721e-01,3.669109896320513296e-03,5.273706478078789006e-01,2.650464730812406300e-01,1.488456139273544032e+00,3.565596480375984978e+00,0.000000000000000000e+00,-6.204907363766531264e-02,-2.093039040194563660e-01,-2.864844516339157821e-01,1.419451726416615656e-01,0.000000000000000000e+00
9.359316922507764369e-01,1.164904838647357277e+00,1.604055812494371791e+00,2.650464730812406300e-01,-1.053810544885127154e+00,1.480452339805233608e+00,0.000000000000000000e+00,1.230096993935685612e+00,9.313565911146353127e-01,1.910503698738723832e+00,1.839945221715301393e+00,0.000000000000000000e+00
1.068819877282212172e+00,7.890575218408546476e-01,4.504645646159867733e-01,2.650464730812406300e-01,2.583270985516064044e-01,-6.046918007655180949e-01,0.000000000000000000e+00,1.314830950017143119e+00,9.520701948232153100e-01,2.162789419355677367e+00,2.126125005267038848e+00,0.000000000000000000e+00
6.672330125633646469e-01,5.595642948149579521e-01,9.119010637673395925e-01,2.650464730812406300e-01,2.583270985516064044e-01,-6.046918007655180949e-01,0.000000000000000000e+00,7.798660175823182161e-01,5.882875296912044583e-01,5.544679504225975553e-01,1.630080047110693764e+00,0.000000000000000000e+00
3.280912903477228304e-01,6.110959557925914609e-01,1.188762963258154226e+00,2.650464730812406300e-01,-5.617589285963520140e-01,-6.046918007655180949e-01,0.000000000000000000e+00,5.864556189328038460e-01,5.682800715635961675e-01,1.132622726836449711e+00,6.952260875083532410e-01,0.000000000000000000e+00
1.561921174979880700e+00,1.530007699824919021e+00,-1.186404510040180438e-01,1.258970747135893076e+00,-9.718019421703312233e-01,4.378802695198577011e-01,0.000000000000000000e+00,1.344384956774032025e+00,1.504158348215085539e+00,5.754917604740100723e-01,-2.968638288043354279e-01,0.000000000000000000e+00
8.446295112342172562e-02,4.019441738894450888e-01,8.042325472986906476e-01,1.258970747135893076e+00,7.503787148403814333e-01,4.378802695198577011e-01,0.000000000000000000e+00,6.221822979870182957e-01,4.757750004559407331e-01,-5.282582672251628919e-01,-3.159424810411187168e-01,0.000000000000000000e+00
1.220933783527684779e+00,1.473468913893993593e+00,-3.647399172180729177e-01,2.650464730812406300e-01,-4.797503258815561944e-01,-1.647263871050894002e+00,0.000000000000000000e+00,1.581191112180500014e+00,1.855936538470535524e+00,7.752179559624321481e-01,-2.968638288043354279e-01,0.000000000000000000e+00
-1.011806129193428411e-01,-2.679090023620605415e-02,5.055293201814615306e-02,2.650464730812406300e-01,-8.897933394555354036e-01,4.378802695198577011e-01,0.000000000000000000e+00,4.891892675810153301e-01,3.820012211209429520e-02,-5.913296973794019973e-01,2.747325922096691478e-02,0.000000000000000000e+00
4.328330195218053622e-01,8.342259615236810033e-01,-1.302994132159161600e+00,2.650464730812406300e-01,5.043529066959939744e-01,1.480452339805233608e+00,0.000000000000000000e+00,8.109164297446208591e-01,1.294315419735512451e+00,9.013608162709088045e-01,8.860126098761776925e-01,0.000000000000000000e+00
-2.043258382037735355e-02,-8.385126168309803285e-02,-4.173436781212590957e-02,2.650464730812406300e-01,-4.797503258815561944e-01,-6.046918007655180949e-01,0.000000000000000000e+00,6.769881459602355989e-01,2.027320424791423104e-01,-4.651868370709253409e-01,9.623272188233074065e-01,0.000000000000000000e+00
-1.457842861359088527e-01,-3.000964706034081053e-01,8.131536529490300536e-02,2.650464730812406300e-01,-1.463853558459106363e+00,-1.647263871050894002e+00,0.000000000000000000e+00,2.102967101473367795e-01,-4.001985927428858281e-01,4.178131850884129750e-01,8.860126098761776925e-01,0.000000000000000000e+00
9.559541273522639826e-03,1.599331344803182620e-01,1.120777985716598646e-01,2.650464730812406300e-01,-7.257761340259436533e-01,4.378802695198577011e-01,0.000000000000000000e+00,3.249587743370389581e-01,9.669251440281367849e-02,-6.123535074308145143e-01,1.019563175533655608e+00,0.000000000000000000e+00
-3.884897907419402330e-01,-2.771471479008195682e-01,8.965198471289611559e-01,1.258970747135893076e+00,1.230129040721887786e-02,-6.046918007655180949e-01,0.000000000000000000e+00,-3.511377634024783617e-02,-4.420965638807074494e-01,3.757655649855879965e-01,6.952260875083532410e-01,0.000000000000000000e+00
6.221679220376563624e-01,1.029503834702076182e+00,5.581330810846357737e-01,2.650464730812406300e-01,-1.545862161173902072e+00,1.480452339805233608e+00,0.000000000000000000e+00,1.124787463529806963e+00,7.637647065633557109e-01,-1.127436853690429119e+00,1.229428350138261683e+00,0.000000000000000000e+00
-9.666179940514304028e-03,5.494457298051818039e-01,3.274148315089578376e-01,2.650464730812406300e-01,-8.897933394555354036e-01,-6.046918007655180949e-01,0.000000000000000000e+00,2.226420547419829254e-01,1.513011059981678175e-01,-2.129011164539703627e-01,1.343900263558957864e+00,0.000000000000000000e+00
2.196582227005391408e-01,8.893043360098933370e-01,2.505087483170657103e-01,-7.288778009734118157e-01,1.160421728414360754e+00,4.378802695198577011e-01,0.000000000000000000e+00,3.509588182560740566e-01,4.077496428220615532e-01,1.129679393429284112e-01,1.534686785926782315e+00,0.000000000000000000e+00
7.192193627261256328e-01,8.371467844131013081e-01,1.911680145261943409e+00,-7.288778009734118157e-01,1.230129040721887786e-02,4.378802695198577011e-01,0.000000000000000000e+00,9.536360952857984019e-01,9.809044727130046271e-01,3.087837061617842327e+00,1.019563175533655608e+00,0.000000000000000000e+00
1.208475516180991249e+00,1.102420091834398930e+00,9.426634970440964656e-01,2.650464730812406300e-01,-1.217827750314718793e+00,1.480452339805233608e+00,0.000000000000000000e+00,1.644601291234838669e+00,1.253712048829479064e+00,1.511051307761879681e+00,1.515608133689999137e+00,0.000000000000000000e+00
1.249541656694179936e+00,1.181073679642364205e+00,7.273264641067984648e-01,2.650464730812406300e-01,-3.157331204519644996e-01,4.378802695198577011e-01,0.000000000000000000e+00,1.253291277719573715e+00,1.054461304064516325e+00,2.916703247799363186e-01,2.431383441055558148e+00,0.000000000000000000e+00
5.154851640498115534e-02,-8.572893354058544468e-02,1.142619313343019138e+00,2.650464730812406300e-01,8.323873175551772530e-01,4.378802695198577011e-01,0.000000000000000000e+00,5.821534533922431143e-01,1.815476750499075698e-01,-3.390439767624470191e-01,7.715406964554829550e-01,0.000000000000000000e+00
1.245542706681653122e+00,1.112851602153757336e+00,8.349949805754475207e-01,1.258970747135893076e+00,-1.791887969318289642e+00,1.480452339805233608e+00,0.000000000000000000e+00,1.247679757449274840e+00,1.307849876704185510e+00,7.331703358596055597e-01,5.235182173773104131e-01,0.000000000000000000e+00
1.121882867832959318e+00,1.505702280780815361e+00,-2.263089674726670442e-01,2.650464730812406300e-01,1.406447536558748101e+00,-1.647263871050894002e+00,0.000000000000000000e+00,1.462413933125912502e+00,1.778966670144320306e+00,6.490750956539554917e-01,-1.060773064365110041e-01,0.000000000000000000e+00
-1.563968842460627395e-01,-8.917133194597226531e-02,5.055293201814615306e-02,2.650464730812406300e-01,9.430989312201472352e-02,-6.046918007655180949e-01,0.000000000000000000e+00,7.615350513660174014e-01,1.909629494629054014e-01,-9.382225632277132465e-01,4.853609129037455006e-01,0.000000000000000000e+00
1.009143238633837925e+00,1.186393749905238382e+00,-1.186404510040180438e-01,1.258970747135893076e+00,-1.517159150223728048e-01,-6.046918007655180949e-01,0.000000000000000000e+00,1.151348659475873504e+00,1.767668340848724151e+00,1.090575106733624677e+00,4.655191145774852796e-02,0.000000000000000000e+00
-1.771606631572208712e-01,-7.283975939004368010e-03,-5.185520836018586710e-01,2.650464730812406300e-01,1.898499152847523241e+00,-6.046918007655180949e-01,0.000000000000000000e+00,3.928581696076139385e-01,6.067908977311050472e-02,-1.032829708459071183e+00,7.906193486922645786e-01,0.000000000000000000e+00
9.092279345133956470e-02,-1.832635550265880597e-01,-3.801211338564513542e-01,2.650464730812406300e-01,4.223443039811980992e-01,-6.046918007655180949e-01,0.000000000000000000e+00,4.594482101484507752e-01,9.539791417102526372e-02,6.700989057053680087e-01,1.305742959085391286e+00,0.000000000000000000e+00
4.148377444654638979e-01,3.221431199463488659e-01,9.669658193328144191e-02,2.650464730812406300e-01,-1.135819147599922863e+00,4.378802695198577011e-01,0.000000000000000000e+00,6.956932135278873774e-01,2.145011354953861027e-01,-7.595201777907036877e-01,1.439293524742869312e+00,0.000000000000000000e+00
1.619810590584209176e-01,3.271502448996408963e-01,4.504645646159867733e-01,2.650464730812406300e-01,-2.447956791036656199e+00,4.378802695198577011e-01,0.000000000000000000e+00,1.463253790659667375e-01,-2.115400316925404034e-01,-1.116924948664721251e+00,7.143047397451348646e-01,0.000000000000000000e+00
1.285839818346281360e+00,1.643293901893160269e+00,1.896298928623564972e+00,2.650464730812406300e-01,1.230129040721887786e-02,1.480452339805233608e+00,0.000000000000000000e+00,1.210269622313975946e+00,1.554176993534109652e+00,5.229322353454771699e-01,6.761474352715699521e-01,0.000000000000000000e+00
-2.619076422687058869e-01,-1.125379150613351198e-01,1.388718779557073901e+00,2.650464730812406300e-01,-1.135819147599922863e+00,-6.046918007655180949e-01,0.000000000000000000e+00,4.029589060941443091e-01,-2.056554851844219489e-01,-5.177463621994565779e-01,1.038641827770437231e+00,0.000000000000000000e+00
1.384890734041013927e+00,1.311467558634347164e+00,9.272822804057180290e-01,1.258970747135893076e+00,-2.337245177371686522e-01,-6.046918007655180949e-01,0.000000000000000000e+00,1.313895696638760713e+00,1.304672221589799008e+00,6.911227157567805257e-01,1.057720480007220409e+00,0.000000000000000000e+00
7.250639819751920623e-01,1.282989535462500275e+00,1.742486762239780607e+00,1.258970747135893076e+00,6.683701121255856137e-01,2.523024410090609404e+00,0.000000000000000000e+00,1.156586078394816530e+00,1.072585707309526404e+00,-1.884294015541289946e+00,7.906193486922645786e-01,0.000000000000000000e+00
5.469569006483389062e-01,7.798777927598192772e-01,1.204144179896532663e+00,2.650464730812406300e-01,-8.897933394555354036e-01,-6.046918007655180949e-01,0.000000000000000000e+00,8.500100209610089719e-01,6.145326071174239679e-01,-3.600677868138612014e-01,5.425968696140937020e-01,0.000000000000000000e+00
1.597604113553138028e+00,2.216505393941929469e+00,1.804011628793294353e+00,2.650464730812406300e-01,-7.257761340259436533e-01,4.378802695198577011e-01,0.000000000000000000e+00,1.827723902722142357e+00,2.118975767383526332e+00,-8.015677978935303871e-01,8.470921593131340577e-02,0.000000000000000000e+00
4.972776370312597671e-01,7.260511995119298678e-01,-6.569830333472644890e-01,2.650464730812406300e-01,9.143959202699731836e-01,-1.647263871050894002e+00,0.000000000000000000e+00,4.042682608238777342e-01,4.189302811874955901e-01,-2.969963566596220406e-01,1.000484523296872208e+00,0.000000000000000000e+00
5.641831468561198104e-01,8.949373515823498826e-01,1.342575129641938592e+00,2.650464730812406300e-01,2.718585179995481660e+00,4.378802695198577011e-01,0.000000000000000000e+00,6.206858925816045591e-01,7.363427198355166903e-01,5.334441403711833729e-01,9.814058710600906954e-01,0.000000000000000000e+00
8.161169976448856556e-01,9.942453298226477942e-01,1.834774062070051226e+00,2.650464730812406300e-01,-4.797503258815561944e-01,-6.046918007655180949e-01,0.000000000000000000e+00,1.075780186502559355e+00,9.069945685710140149e-01,1.206206062016395020e+00,2.145203657503820693e+00,0.000000000000000000e+00
2.073940582352168160e+00,1.850568011938819035e+00,6.504203809149063931e-01,1.258970747135893076e+00,-9.718019421703312233e-01,-6.046918007655180949e-01,0.000000000000000000e+00,2.076501301371905583e+00,1.761548412480281822e+00,2.015622748995788083e+00,2.526776702239470929e+00,0.000000000000000000e+00
1.578378392339101044e+00,1.366858878430147639e+00,1.804011628793294353e+00,1.258970747135893076e+00,5.043529066959939744e-01,-6.046918007655180949e-01,0.000000000000000000e+00,1.360471314882212290e+00,1.282781708579592506e+00,1.006479866527973055e+00,2.087967700793473824e+00,0.000000000000000000e+00
4.691311811739066751e-01,3.251682579389613137e-01,1.111856880066262265e+00,2.650464730812406300e-01,-1.463853558459106363e+00,1.480452339805233608e+00,0.000000000000000000e+00,9.994635108265431667e-01,4.856610385895794302e-01,-4.651868370709253409e-01,5.616755218508753256e-01,0.000000000000000000e+00
1.359512782038477585e+00,1.291960634337151470e+00,5.427518644462573372e-01,2.650464730812406300e-01,-2.283939585607064782e+00,4.378802695198577011e-01,0.000000000000000000e+00,1.148355848665046253e+00,1.629381497907895771e+00,6.806108107310742117e-01,6.189114785612234160e-01,0.000000000000000000e+00
1.290453991437652270e+00,1.101898516318426502e+00,1.204144179896532663e+00,2.252895021190545410e+00,4.223443039811980992e-01,-1.647263871050894002e+00,0.000000000000000000e+00,1.507680196639630710e+00,1.531227262152445645e+00,5.965155705254225893e-01,1.076799132244002033e+00,0.000000000000000000e+00
4.069936502101340614e-01,1.150776401070741778e-01,3.274148315089578376e-01,1.258970747135893076e+00,-1.217827750314718793e+00,4.378802695198577011e-01,0.000000000000000000e+00,8.116646324473230090e-01,4.325824290863307109e-01,-3.600677868138612014e-01,2.373384338255729586e-01,0.000000000000000000e+00
1.130188379397424114e+00,1.205900674202440070e+00,-1.186404510040180438e-01,2.650464730812406300e-01,9.143959202699731836e-01,-6.046918007655180949e-01,0.000000000000000000e+00,1.062125487178175121e+00,1.693993818567057552e+00,9.959679615022667409e-01,-4.884134972616451659e-02,0.000000000000000000e+00
-2.420666979758175075e-01,-4.323680214528843879e-01,2.658899649554441469e-01,2.650464730812406300e-01,-6.970731230757695740e-02,1.480452339805233608e+00,0.000000000000000000e+00,2.189010412284534968e-01,-3.965501739078514110e-01,-1.043341613484777497e+00,5.044395651405287895e-01,0.000000000000000000e+00
6.275511239775879435e-01,2.383780920818993343e-01,1.979049874138929382e-02,2.650464730812406300e-01,-5.617589285963520140e-01,-6.046918007655180949e-01,0.000000000000000000e+00,3.853761425805503626e-01,3.002978235837825971e-01,-2.368682599125618293e-02,3.899676517198324976e-01,0.000000000000000000e+00
4.931248812490310884e-01,4.583786447171784295e-01,5.427518644462573372e-01,1.258970747135893076e+00,1.324438933843952393e+00,4.378802695198577011e-01,0.000000000000000000e+00,4.407431425807989966e-01,4.815418560338972087e-01,-5.177463621994565779e-01,2.945743905359211046e-01,0.000000000000000000e+00
-1.025648648467548663e-01,-4.295974123121304444e-02,2.812711815938225834e-01,2.650464730812406300e-01,9.430989312201472352e-02,4.378802695198577011e-01,0.000000000000000000e+00,6.364898041694957986e-02,-3.138134500036796060e-01,-1.148460663741841525e+00,5.425968696140937020e-01,0.000000000000000000e+00
1.427341126481607381e+00,1.474720695132316628e+00,7.734701140219337745e-01,1.258970747135893076e+00,6.683701121255856137e-01,4.378802695198577011e-01,0.000000000000000000e+00,1.091492443259388656e+00,1.019271715945953893e+00,-5.492820772765754089e-01,-1.068404525259963357e-02,0.000000000000000000e+00
1.702865706228856579e-01,6.792721346357415146e-02,-7.492703331775351083e-01,1.258970747135893076e+00,1.230129040721887786e-02,-6.046918007655180949e-01,0.000000000000000000e+00,-1.753101282665861516e-02,-1.629077855310482117e-02,-1.264091619024612090e+00,5.425968696140937020e-01,0.000000000000000000e+00
1.515318026757051406e+00,1.781928674037437821e+00,2.188542044752755267e+00,1.258970747135893076e+00,2.062516358277115103e+00,4.378802695198577011e-01,0.000000000000000000e+00,9.250173419072916792e-01,1.110717568682144885e+00,2.285988946256988230e-01,-1.823919153836407736e-01,0.000000000000000000e+00
-2.119207671122083358e-01,-1.060703786633358098e-01,3.581772647857147107e-01,1.258970747135893076e+00,-1.517159150223728048e-01,4.378802695198577011e-01,0.000000000000000000e+00,1.272462101469638562e-01,-3.712466239229344489e-01,-1.537401149692977809e+00,4.472036084301806436e-01,0.000000000000000000e+00
8.304209342281260176e-01,4.915508475327410864e-01,5.427518644462573372e-01,2.650464730812406300e-01,-1.299836353029514502e+00,-6.046918007655180949e-01,0.000000000000000000e+00,6.257362608248721036e-01,6.268901547844775157e-01,3.938460416298299183e-02,5.998328263244401271e-01,0.000000000000000000e+00
1.093428800436180515e+00,1.502155567272230652e+00,1.111856880066262265e+00,1.258970747135893076e+00,1.078413125699564823e+00,-6.046918007655180949e-01,0.000000000000000000e+00,1.205593355422059476e+00,1.495331528452904513e+00,-1.179996378818960467e+00,2.564170860623562476e-01,0.000000000000000000e+00
5.669516507109364500e-01,8.055393081454438331e-01,1.927061361900321845e+00,2.650464730812406300e-01,9.430989312201472352e-02,4.378802695198577011e-01,0.000000000000000000e+00,5.812182000138607085e-01,7.185713893809924091e-01,-7.384963677392911707e-01,-4.494930466985966322e-01,0.000000000000000000e+00
1.507320126732012211e+00,1.161149494932388171e+00,1.265669046450046409e+00,2.252895021190545410e+00,1.078413125699564823e+00,1.480452339805233608e+00,0.000000000000000000e+00,1.448198081774497048e+00,1.269364942541074459e+00,5.229322353454771699e-01,-6.792000196294613323e-02,0.000000000000000000e+00
1.592374717382915694e+00,1.375621347098408664e+00,-2.570714007494239173e-01,1.258970747135893076e+00,7.503787148403814333e-01,-6.046918007655180949e-01,0.000000000000000000e+00,1.409665642585135492e+00,1.654685047892812566e+00,3.547417549341754794e-01,-1.442346109100758889e-01,0.000000000000000000e+00
4.660550657796642682e-01,4.004837624447378230e-01,1.019569580235991646e+00,2.650464730812406300e-01,3.403357012664022241e-01,4.378802695198577011e-01,0.000000000000000000e+00,6.161966763653683454e-01,4.937817127707888609e-01,-1.800198775335638324e+00,-1.460661615248066925e+00,0.000000000000000000e+00
9.277799864560208887e-01,1.010727116127231096e+00,5.055293201814615306e-02,1.258970747135893076e+00,-8.077847367407395840e-01,-6.046918007655180949e-01,0.000000000000000000e+00,9.091180344747870068e-01,1.172622997947574630e+00,-5.177463621994565779e-01,-1.536976224195196750e+00,0.000000000000000000e+00
1.320138504992126594e+00,1.218522801688862289e+00,4.658457812543652099e-01,1.258970747135893076e+00,2.472559371851094312e+00,4.378802695198577011e-01,0.000000000000000000e+00,1.215132939881563345e+00,1.350453993422978893e+00,2.601346097028175985e-01,-1.689605442089456178e+00,0.000000000000000000e+00
4.920482408610447611e-01,5.922149221145541764e-01,1.428402318484167099e-01,2.650464730812406300e-01,-6.970731230757695740e-02,4.378802695198577011e-01,0.000000000000000000e+00,4.847000513647791164e-01,1.848430210944561336e-01,-1.632008294924335745e+00,-2.223807704719366285e+00,0.000000000000000000e+00
1.304296510711757673e+00,1.495688030874231300e+00,-6.108393834321292903e-01,1.258970747135893076e+00,7.503787148403814333e-01,4.378802695198577011e-01,0.000000000000000000e+00,1.050154243934880105e+00,1.838282898946173249e+00,1.445036544200471451e-01,-1.975785225641193632e+00,0.000000000000000000e+00
2.921007402350399018e-01,1.670265614974819901e-01,3.427960481473362742e-01,2.650464730812406300e-01,3.403357012664022241e-01,-6.046918007655180949e-01,0.000000000000000000e+00,6.034772304193664061e-01,3.629093984301841602e-01,-1.915829730618408666e+00,-1.498818919721631726e+00,0.000000000000000000e+00
7.027621453669127272e-01,3.733618356144001171e-01,3.889396980624730826e-01,2.650464730812406300e-01,-1.627870763888698002e+00,4.378802695198577011e-01,0.000000000000000000e+00,3.588149466344886518e-01,5.489787590169596943e-01,-4.651868370709253409e-01,-7.165941780135508532e-01,0.000000000000000000e+00
1.060668171487456624e+00,8.635385055210766936e-01,4.043209147008514637e-01,2.650464730812406300e-01,1.160421728414360754e+00,4.378802695198577011e-01,0.000000000000000000e+00,8.225135716365649108e-01,1.035277682448041858e+00,-3.390439767624470191e-01,-1.231717788406677672e+00,0.000000000000000000e+00
3.482398461800295664e-01,5.092385164301848482e-02,6.593414865652458268e-02,2.650464730812406300e-01,-8.897933394555354036e-01,-6.046918007655180949e-01,0.000000000000000000e+00,7.131805811968396080e-02,-6.960476991667748081e-02,-1.348186859230263712e+00,-1.155403179459547847e+00,0.000000000000000000e+00
1.226778402776750987e+00,1.576219290539678353e+00,8.131536529490300536e-02,1.258970747135893076e+00,1.763184958368105570e-01,1.480452339805233608e+00,0.000000000000000000e+00,5.673764500138009925e-01,1.186392836776578585e+00,-4.021154069166861800e-01,-1.918549268930847207e+00,0.000000000000000000e+00
2.917931286956141901e-01,2.626835111260029665e-01,4.350833479776083368e-01,2.650464730812406300e-01,-7.257761340259436533e-01,-6.046918007655180949e-01,0.000000000000000000e+00,5.309015682568797301e-01,1.128161718350636222e-01,-1.905317825592702574e+00,-2.433672879323974136e+00,0.000000000000000000e+00
1.044518565667669430e+00,1.121196810409244016e+00,-1.955465341959101988e-01,2.650464730812406300e-01,3.403357012664022241e-01,4.378802695198577011e-01,0.000000000000000000e+00,4.678654905538919828e-01,1.093887765668923207e+00,-9.697582783048320776e-01,-1.708684094326239578e+00,0.000000000000000000e+00
8.439558419628130359e-01,8.869050886364394648e-01,6.811828141916631552e-01,2.252895021190545410e+00,1.763184958368105570e-01,4.378802695198577011e-01,0.000000000000000000e+00,7.892185513661417184e-01,9.553655408677638183e-01,-1.800198775335638324e+00,-1.403425658537720500e+00,0.000000000000000000e+00
9.896099058803677906e-01,1.029190889392499919e+00,5.735142977230142103e-01,2.650464730812406300e-01,-1.627870763888698002e+00,-6.046918007655180949e-01,0.000000000000000000e+00,3.670451763642543219e-01,5.902882755039645657e-01,-1.821222585387051618e+00,-1.231717788406677672e+00,0.000000000000000000e+00
1.582377342351620531e+00,1.775043877226658351e+00,2.966523982322010200e-01,2.650464730812406300e-01,1.406447536558748101e+00,4.378802695198577011e-01,0.000000000000000000e+00,9.057511223126085698e-01,1.423422370123673897e+00,-9.487344682534195606e-01,-1.098167222749199645e+00,0.000000000000000000e+00
3.157868287707386035e-01,3.111900341110239721e-01,7.734701140219337745e-01,-7.288778009734118157e-01,-2.337245177371686522e-01,4.378802695198577011e-01,0.000000000000000000e+00,3.545127810939279756e-01,3.384555769608124653e-02,-1.653032104975748373e+00,-2.205492198572056584e-01,0.000000000000000000e+00
2.032874441838979251e+00,2.039482663822407282e+00,4.658457812543652099e-01,2.252895021190545410e+00,2.583270985516064044e-01,-6.046918007655180949e-01,0.000000000000000000e+00,1.344759058125387874e+00,1.768021413639216943e+00,9.194412929151424274e-02,-2.976269748938124154e-02,0.000000000000000000e+00
9.645980116098025470e-02,7.084803635299451174e-02,1.111856880066262265e+00,2.650464730812406300e-01,1.078413125699564823e+00,-6.046918007655180949e-01,0.000000000000000000e+00,3.745272033913131793e-01,1.252914104322791489e-01,-1.211532093896079187e+00,-1.068404525259963357e-02,0.000000000000000000e+00
1.384583122501588326e+00,1.326384618391031278e+00,1.979049874138929382e-02,2.252895021190545410e+00,3.403357012664022241e-01,1.480452339805233608e+00,0.000000000000000000e+00,8.844273452854899409e-01,1.166267687718808510e+00,1.865512745228721514e-01,-1.633132631468591778e-01,0.000000000000000000e+00
1.322445591537815712e+00,1.437062942879434146e+00,6.196579476381495200e-01,1.258970747135893076e+00,1.652473344703135671e+00,4.378802695198577011e-01,0.000000000000000000e+00,1.031636227042903808e+00,1.160500832140844985e+00,-1.222043998921785279e+00,-2.014705676204240625e-01,0.000000000000000000e+00
6.193994181828397227e-01,3.876530047519254896e-01,7.888513306603122111e-01,1.258970747135893076e+00,-6.970731230757695740e-02,4.378802695198577011e-01,0.000000000000000000e+00,6.021678756896283735e-01,4.146934077016445341e-01,-1.674055915027162555e+00,-4.304143944618133433e-01,0.000000000000000000e+00
1.430417241875857171e+00,1.669476992794751258e+00,6.504203809149063931e-01,1.258970747135893076e+00,1.816490550132727311e+00,-6.046918007655180949e-01,0.000000000000000000e+00,1.045477977042968298e+00,1.434132244768453246e+00,1.836079411157048868e-02,-1.060009918275634844e+00,0.000000000000000000e+00
1.273996774078431926e+00,1.034302329448984148e+00,5.273706478078789006e-01,1.258970747135893076e+00,-6.970731230757695740e-02,4.378802695198577011e-01,0.000000000000000000e+00,9.465281696100905640e-01,9.537178678454895087e-01,-2.283746406518133210e+00,-4.494930466985966322e-01,0.000000000000000000e+00
5.132734370813452074e-01,5.125181832746500410e-01,1.465624862748966084e+00,2.252895021190545410e+00,1.488456139273544032e+00,-6.046918007655180949e-01,0.000000000000000000e+00,2.078650513635407759e-01,4.387023574547799787e-01,-1.148460663741841525e+00,-1.250796440643459295e+00,0.000000000000000000e+00
1.561921174979880700e+00,1.212055265290857164e+00,-4.262647837715881072e-01,1.258970747135893076e+00,1.763184958368105570e-01,4.378802695198577011e-01,0.000000000000000000e+00,1.179780362178704634e+00,1.194748892818112029e+00,-7.910558928678240731e-01,-1.498818919721631726e+00,0.000000000000000000e+00
2.339621592837868025e-01,1.220667520210457629e-01,1.274590152100383011e-01,1.258970747135893076e+00,1.078413125699564823e+00,4.378802695198577011e-01,0.000000000000000000e+00,-9.871100607026210561e-02,-3.924050993477576355e-02,-2.304770216569545838e+00,-1.403425658537720500e+00,0.000000000000000000e+00
1.609293352051270887e+00,1.311258928427962989e+00,1.428402318484167099e-01,1.258970747135893076e+00,2.144524960991910589e+00,2.523024410090609404e+00,0.000000000000000000e+00,1.244686946638452252e+00,1.267717269518807033e+00,1.550155594457534036e-01,-1.193560483933112648e+00,0.000000000000000000e+00
4.211437810236651758e-01,5.698914900311242704e-01,4.504645646159867733e-01,1.258970747135893076e+00,1.230129040721887786e-02,4.378802695198577011e-01,0.000000000000000000e+00,1.629728892011783059e-01,1.284690655466657616e-01,-1.842246395438464246e+00,-1.517897571958415126e+00,0.000000000000000000e+00
1.085738511950567364e+00,8.232728756883502808e-01,3.274148315089578376e-01,1.258970747135893076e+00,3.403357012664022241e-01,4.378802695198577011e-01,0.000000000000000000e+00,7.089738115009205366e-01,9.284143178605726021e-01,-2.654606415825032650e-01,-1.346189701827372298e+00,0.000000000000000000e+00
5.152729120876011759e-01,2.653957038090390963e-01,6.811828141916631552e-01,1.258970747135893076e+00,7.503787148403814333e-01,4.378802695198577011e-01,0.000000000000000000e+00,8.197994663324563447e-02,1.391789401914450552e-01,-2.357329741698078074e+00,-7.547514824871156547e-01,0.000000000000000000e+00
7.576708051542069278e-01,7.105082491360814601e-01,4.658457812543652099e-01,1.258970747135893076e+00,1.734481947417931602e+00,4.378802695198577011e-01,0.000000000000000000e+00,4.497215750132714795e-01,7.012708226471160433e-01,-1.610984484872923339e+00,-5.448863078825080253e-01,0.000000000000000000e+00
8.294980996098562098e-01,1.052661787611054889e+00,3.581772647857147107e-01,2.650464730812406300e-01,1.160421728414360754e+00,4.378802695198577011e-01,0.000000000000000000e+00,1.007132588529282335e+00,6.171218075809938863e-01,-2.157603546209656553e+00,-9.455380048549401062e-01,0.000000000000000000e+00
1.000376309760230953e+00,1.105445229827011433e+00,-3.955023504948297353e-01,1.258970747135893076e+00,1.230129040721887786e-02,4.378802695198577011e-01,0.000000000000000000e+00,4.510309297430096231e-01,9.618385420266989394e-01,-1.421770194410207466e+00,-5.830436123560729378e-01,0.000000000000000000e+00
1.362127480123584977e+00,1.560884970370219893e+00,1.742486762239780607e+00,1.258970747135893076e+00,1.980507755562319172e+00,1.480452339805233608e+00,0.000000000000000000e+00,1.149852254070459878e+00,1.482856289855688958e+00,-1.579448769795804619e+00,2.182597815887913351e-01,0.000000000000000000e+00
1.044210954128243607e+00,7.412812045781902448e-01,-7.249680108888276187e-02,1.258970747135893076e+00,-1.381844955744310433e+00,4.378802695198577011e-01,0.000000000000000000e+00,6.739953351494130107e-01,8.575643779027996016e-01,-8.751511330734741412e-01,-2.396278720939889473e-01,0.000000000000000000e+00
1.952587830049148598e+00,1.979501479486095006e+00,9.272822804057180290e-01,1.258970747135893076e+00,1.160421728414360754e+00,4.378802695198577011e-01,0.000000000000000000e+00,1.580817010829144165e+00,1.983042743045936973e+00,3.337179448827630179e-01,-2.014705676204240625e-01,0.000000000000000000e+00
8.201159476574051421e-01,4.954105063509022799e-01,8.349949805754475207e-01,1.258970747135893076e+00,5.863615094107897940e-01,1.480452339805233608e+00,0.000000000000000000e+00,8.284991932582100871e-01,4.369369935023437179e-01,-1.179996378818960467e+00,-5.830436123560729378e-01,0.000000000000000000e+00
1.742027731312997263e+00,1.742393249927068011e+00,1.250287829811667972e+00,1.258970747135893076e+00,1.242430331129156462e+00,4.378802695198577011e-01,0.000000000000000000e+00,1.374313064882276780e+00,1.947617773067057412e+00,1.760393694971659206e-01,-9.073807003813751937e-01,0.000000000000000000e+00
1.644053456006258296e+00,1.345995857791430828e+00,1.582214484867951465e-01,1.258970747135893076e+00,4.223443039811980992e-01,-1.647263871050894002e+00,0.000000000000000000e+00,1.657694838532191683e+00,1.449902829410217198e+00,-1.288058762483203501e-01,-2.587065243307705709e-01,0.000000000000000000e+00
1.533467107583101896e+00,8.431970603983263146e-01,2.080873528284106211e+00,2.650464730812406300e-01,3.292645398999052730e+00,4.378802695198577011e-01,0.000000000000000000e+00,1.116931335151392313e+00,8.678034888269311464e-01,-1.989413065798354197e+00,-1.327111049590590675e+00,0.000000000000000000e+00
1.871224577871339001e+00,7.934387561749881579e-01,-6.262206000705077269e-01,1.258970747135893076e+00,1.230129040721887786e-02,4.378802695198577011e-01,0.000000000000000000e+00,1.730270500694678359e+00,1.166620760509294197e+00,-1.474329719538740369e+00,-1.918549268930847207e+00,0.000000000000000000e+00
1.910137437608555144e+00,1.072168711908256578e+00,1.788630412154915916e+00,3.246819295245197967e+00,1.078413125699564823e+00,-6.046918007655180949e-01,0.000000000000000000e+00,2.095206368939557251e+00,1.899599873560793295e+00,-1.621496389898629653e+00,-1.155403179459547847e+00,0.000000000000000000e+00
1.213089689272362159e+00,-2.147082997333180782e-02,1.234906613173289536e+00,2.650464730812406300e-01,5.863615094107897940e-01,-1.647263871050894002e+00,0.000000000000000000e+00,1.419205227044639361e+00,1.873145306278709843e-01,-2.767294037700628540e+00,-1.708684094326239578e+00,0.000000000000000000e+00
4.952781620250036876e-01,-4.786839272708357518e-01,1.173381746619775789e+00,2.650464730812406300e-01,1.570464741988339963e+00,-6.046918007655180949e-01,0.000000000000000000e+00,5.559663587975324228e-01,-1.625806047449807890e-01,-1.306139239127437124e+00,-1.575133528668761551e+00,0.000000000000000000e+00
1.749564214028901388e+00,8.453876775653959008e-01,3.427960481473362742e-01,2.650464730812406300e-01,1.078413125699564823e+00,-6.046918007655180949e-01,0.000000000000000000e+00,1.329607953395589792e+00,1.344451755984698460e+00,-1.127436853690429119e+00,-2.052099834588323457e+00,0.000000000000000000e+00
1.403501232176199487e+00,5.946141694880022754e-01,1.542530945940858267e+00,2.650464730812406300e-01,1.898499152847523241e+00,4.378802695198577011e-01,0.000000000000000000e+00,1.336341777719942003e+00,8.368507741942196043e-01,-6.964487476364662477e-01,-1.079088570512418022e+00,0.000000000000000000e+00
8.356503303983483510e-01,-2.900822206968240446e-01,7.734701140219337745e-01,1.258970747135893076e+00,8.323873175551772530e-01,4.378802695198577011e-01,0.000000000000000000e+00,8.475783621772176035e-01,6.432750860815182603e-02,-8.751511330734741412e-01,-8.692233959078103922e-01,0.000000000000000000e+00
1.366741653214955887e+00,1.066431381232608055e+00,9.272822804057180290e-01,1.258970747135893076e+00,3.210636796284256800e+00,4.378802695198577011e-01,0.000000000000000000e+00,9.863699635291902634e-01,9.801983271320329205e-01,-1.390234479333088746e+00,-1.594212180905544729e+00,0.000000000000000000e+00
1.383814093653027655e+00,6.952782440698210831e-01,1.158000529981397353e+00,1.258970747135893076e+00,2.390550769136298381e+00,2.523024410090609404e+00,0.000000000000000000e+00,1.706889166235114885e+00,1.026215480825536819e+00,-1.695079725078574073e+00,-1.002773961565288197e+00,0.000000000000000000e+00
1.306142179948304616e+00,5.543485396552816358e-01,6.965640308300415917e-01,1.258970747135893076e+00,1.242430331129156462e+00,4.378802695198577011e-01,0.000000000000000000e+00,9.897368756913639265e-01,9.374765194830776416e-01,-1.295627334101730810e+00,-9.073807003813751937e-01,0.000000000000000000e+00
2.336333225481371123e+00,2.133574886903028656e+00,1.434862429472209211e+00,1.258970747135893076e+00,1.078413125699564823e+00,-6.046918007655180949e-01,0.000000000000000000e+00,2.020386098668950137e+00,2.011523948145240492e+00,7.848889085864240583e-03,-6.021222645928561157e-01,0.000000000000000000e+00
6.307810451415467590e-01,3.768042340197927387e-01,1.465624862748966084e+00,2.252895021190545410e+00,1.324438933843952393e+00,2.523024410090609404e+00,0.000000000000000000e+00,7.278659297442479081e-01,1.656593994779815560e-01,-2.031460685901179897e+00,7.333833919819181535e-01,0.000000000000000000e+00
2.163455540324733306e+00,1.631089034819506400e+00,1.250287829811667972e+00,2.650464730812406300e-01,4.223443039811980992e-01,4.378802695198577011e-01,0.000000000000000000e+00,2.266918889210597143e+00,1.776848233401398192e+00,8.593131961680822162e-01,1.992574439609561043e+00,0.000000000000000000e+00
9.943778847414552757e-01,7.654823085191017062e-01,2.342354211136539632e+00,1.258970747135893076e+00,1.898499152847523241e+00,4.378802695198577011e-01,0.000000000000000000e+00,1.178096906097615415e+00,8.203740439714769517e-01,5.124203303197709669e-01,2.812956485791208383e+00,0.000000000000000000e+00
2.583652903178766280e+00,2.521314125473597123e+00,2.034729878368970901e+00,3.246819295245197967e+00,7.503787148403814333e-01,4.378802695198577011e-01,0.000000000000000000e+00,2.624933882455443790e+00,2.480286922982129383e+00,2.047158464072906803e+00,2.984664355922249435e+00,0.000000000000000000e+00
2.615952114818347773e+00,2.150160988310810151e+00,9.734259303208563363e-01,2.650464730812406300e-01,-4.797503258815561944e-01,4.378802695198577011e-01,0.000000000000000000e+00,2.674876412861069142e+00,2.378366577461475728e+00,1.269277492170632682e+00,2.278754223161298498e+00,0.000000000000000000e+00
1.554538498033693150e+00,1.788813470848217291e+00,3.019127743225193061e+00,3.246819295245197967e+00,1.898499152847523241e+00,4.378802695198577011e-01,0.000000000000000000e+00,1.567162311504759931e+00,1.513455931697921475e+00,4.913965202683583944e-01,1.534686785926782315e+00,0.000000000000000000e+00
1.984271818609886440e+00,1.505389335471233325e+00,2.203923261391133703e+00,1.258970747135893076e+00,3.403357012664022241e-01,4.378802695198577011e-01,0.000000000000000000e+00,2.045450889209602607e+00,1.865469503813688368e+00,2.457122760075457268e+00,1.916259830662431218e+00,0.000000000000000000e+00
1.883990456757458132e+00,1.914200224886908330e+00,2.311591777859782759e+00,2.252895021190545410e+00,-3.157331204519644996e-01,4.378802695198577011e-01,0.000000000000000000e+00,1.929105368938816012e+00,1.967154467474010904e+00,2.391107996514050815e-01,1.935338482899214396e+00,0.000000000000000000e+00
1.395810943690586114e+00,1.601672175718912738e+00,2.388497861051674498e+00,2.252895021190545410e+00,1.324438933843952393e+00,1.480452339805233608e+00,0.000000000000000000e+00,1.491032686504419225e+00,1.762372248991415535e+00,1.405932257504815430e+00,1.420214872506087689e+00,0.000000000000000000e+00
